{
  "page_settings": {
    "Widoczno\u00c5\u009b\u00c4\u0087 strony": [
      "Strona zosta\u00c5\u0082a opublikowana"
    ],
    "Weryfikacja strony": [
      "Strona nie jest zweryfikowana"
    ],
    "Posty go\u00c5\u009bci": [
      "Ka\u00c5\u00bcdy mo\u00c5\u00bce publikowa\u00c4\u0087 na stronie.",
      "Ka\u00c5\u00bcdy mo\u00c5\u00bce dodawa\u00c4\u0087 zdj\u00c4\u0099cia i filmy na stronie."
    ],
    "Grupa odbiorc\u00c3\u00b3w aktualno\u00c5\u009bci i widoczno\u00c5\u009b\u00c4\u0087 post\u00c3\u00b3w": [
      "Zaw\u00c4\u0099\u00c5\u00bcanie potencjalnej grupy odbiorc\u00c3\u00b3w aktualno\u00c5\u009bci i ograniczanie widoczno\u00c5\u009bci post\u00c3\u00b3w jest w\u00c5\u0082\u00c4\u0085czone"
    ],
    "Wiadomo\u00c5\u009bci": [
      "Mo\u00c5\u00bcliwo\u00c5\u009b\u00c4\u0087 prywatnego kontaktu ze stron\u00c4\u0085."
    ],
    "Mo\u00c5\u00bcliwo\u00c5\u009b\u00c4\u0087 dodawania znacznik\u00c3\u00b3w": [
      "Zdj\u00c4\u0099cia na stronie mog\u00c4\u0085 oznacza\u00c4\u0087 tylko osoby, kt\u00c3\u00b3re pomagaj\u00c4\u0085 ni\u00c4\u0085 zarz\u00c4\u0085dza\u00c4\u0087."
    ],
    "Ograniczenia dotycz\u00c4\u0085ce kraju": [
      "Strona jest widoczna dla wszystkich."
    ],
    "Ograniczenia wiekowe": [
      "Strona jest dost\u00c4\u0099pna dla wszystkich."
    ],
    "Moderacja strony": [
      "Strona nie blokuje \u00c5\u00bcadnych s\u00c5\u0082\u00c3\u00b3w."
    ],
    "Filtr wulgaryzm\u00c3\u00b3w": [
      "Wy\u00c5\u0082\u00c4\u0085czone"
    ],
    "Publikowanie w r\u00c3\u00b3\u00c5\u00bcnych j\u00c4\u0099zykach": [
      "Mo\u00c5\u00bcliwo\u00c5\u009b\u00c4\u0087 pisania post\u00c3\u00b3w w r\u00c3\u00b3\u00c5\u00bcnych j\u00c4\u0099zykach jest wy\u00c5\u0082\u00c4\u0085czona"
    ],
    "T\u00c5\u0082umacz automatycznie": [
      "W postach mog\u00c4\u0085 by\u00c4\u0087 automatycznie wy\u00c5\u009bwietlane t\u00c5\u0082umaczenia dla os\u00c3\u00b3b, kt\u00c3\u00b3re czytaj\u00c4\u0085 w innych j\u00c4\u0099zykach."
    ],
    "Ranking komentarzy": [
      "Na stronie domy\u00c5\u009blnie s\u00c4\u0085 wy\u00c5\u009bwietlane najbardziej interesuj\u00c4\u0085ce komentarze."
    ]
  }
}