{
  "page_profile": {
    "title": "Timeline Of The Planet Earth - Kalendarz Dziej\u00c3\u00b3w Planety Ziemia",
    "about_me": "",
    "general_info": "",
    "history": "",
    "like_count": 287,
    "website": "https://www.researchgate.net/profile/WOJCIECH_BORKOWSKI",
    "categories": [
      "Strona po\u00c5\u009bwi\u00c4\u0099cona nauce"
    ],
    "language": "pl",
    "email": "",
    "phone": "",
    "address": "",
    "admins": [
      {
        "name": "Elena Yazykova",
        "title": "Redaktor"
      },
      {
        "name": "Wojciech T. Borkowski",
        "title": "Administrator"
      }
    ]
  }
}