{
  "name": "Album bez nazwy",
  "photos": [
    {
      "uri": "photos_and_videos/Albumbeznazwy_g_vhYV1AlA/480125_539679732762314_1334975189_n_539679732762314.jpg",
      "creation_timestamp": 1372449588,
      "media_metadata": {
        "photo_metadata": {
          "upload_ip": "193.242.147.161"
        }
      },
      "title": "Album bez nazwy",
      "description": "300Ma"
    },
    {
      "uri": "photos_and_videos/Albumbeznazwy_g_vhYV1AlA/931218_539679739428980_1706471352_n_539679739428980.jpg",
      "creation_timestamp": 1372449588,
      "media_metadata": {
        "photo_metadata": {
          "upload_ip": "193.242.147.161"
        }
      },
      "title": "Album bez nazwy",
      "description": "340Ma"
    },
    {
      "uri": "photos_and_videos/Albumbeznazwy_g_vhYV1AlA/1010041_539679746095646_352221050_n_539679746095646.jpg",
      "creation_timestamp": 1372449588,
      "media_metadata": {
        "photo_metadata": {
          "upload_ip": "193.242.147.161"
        }
      },
      "title": "Album bez nazwy",
      "description": "370Ma"
    }
  ],
  "cover_photo": {
    "uri": "photos_and_videos/Albumbeznazwy_g_vhYV1AlA/480125_539679732762314_1334975189_n_539679732762314.jpg",
    "creation_timestamp": 1372449588,
    "media_metadata": {
      "photo_metadata": {
        "upload_ip": "193.242.147.161"
      }
    },
    "title": "Album bez nazwy",
    "description": "300Ma"
  },
  "last_modified_timestamp": 1372449597,
  "comments": [
    
  ],
  "description": "Mapy Ziemii"
}