{
  "name": "Bazyliszek z kt\u00c3\u00b3rym walczy\u00c5\u0082 Harry Potter :-)",
  "photos": [
    {
      "uri": "photos_and_videos/BazyliszekzktorymwalczylHarryPotter_eW3p751zFA/1452561_613799332017020_2141785322_n_613799332017020.jpg",
      "creation_timestamp": 1385995418,
      "media_metadata": {
        "photo_metadata": {
          "upload_ip": "193.0.101.171"
        }
      },
      "title": "Bazyliszek z kt\u00c3\u00b3rym walczy\u00c5\u0082 Harry Potter :-)"
    },
    {
      "uri": "photos_and_videos/BazyliszekzktorymwalczylHarryPotter_eW3p751zFA/921304_613799338683686_992912601_o_613799338683686.jpg",
      "creation_timestamp": 1385995418,
      "media_metadata": {
        "photo_metadata": {
          "upload_ip": "193.0.101.171"
        }
      },
      "title": "Bazyliszek z kt\u00c3\u00b3rym walczy\u00c5\u0082 Harry Potter :-)"
    },
    {
      "uri": "photos_and_videos/BazyliszekzktorymwalczylHarryPotter_eW3p751zFA/894845_613799342017019_1910743237_o_613799342017019.jpg",
      "creation_timestamp": 1385995418,
      "media_metadata": {
        "photo_metadata": {
          "upload_ip": "193.0.101.171"
        }
      },
      "title": "Bazyliszek z kt\u00c3\u00b3rym walczy\u00c5\u0082 Harry Potter :-)"
    },
    {
      "uri": "photos_and_videos/BazyliszekzktorymwalczylHarryPotter_eW3p751zFA/1450797_613799365350350_310750132_n_613799365350350.jpg",
      "creation_timestamp": 1385995420,
      "media_metadata": {
        "photo_metadata": {
          "upload_ip": "193.0.101.171"
        }
      },
      "title": "Bazyliszek z kt\u00c3\u00b3rym walczy\u00c5\u0082 Harry Potter :-)"
    },
    {
      "uri": "photos_and_videos/BazyliszekzktorymwalczylHarryPotter_eW3p751zFA/1469884_613799368683683_1244817216_n_613799368683683.jpg",
      "creation_timestamp": 1385995420,
      "media_metadata": {
        "photo_metadata": {
          "upload_ip": "193.0.101.171"
        }
      },
      "title": "Bazyliszek z kt\u00c3\u00b3rym walczy\u00c5\u0082 Harry Potter :-)"
    },
    {
      "uri": "photos_and_videos/BazyliszekzktorymwalczylHarryPotter_eW3p751zFA/1470111_613799378683682_1649294107_n_613799378683682.jpg",
      "creation_timestamp": 1385995421,
      "media_metadata": {
        "photo_metadata": {
          "upload_ip": "193.0.101.171"
        }
      },
      "title": "Bazyliszek z kt\u00c3\u00b3rym walczy\u00c5\u0082 Harry Potter :-)"
    },
    {
      "uri": "photos_and_videos/BazyliszekzktorymwalczylHarryPotter_eW3p751zFA/1240420_613799398683680_1254438872_n_613799398683680.jpg",
      "creation_timestamp": 1385995421,
      "media_metadata": {
        "photo_metadata": {
          "upload_ip": "193.0.101.171"
        }
      },
      "title": "Bazyliszek z kt\u00c3\u00b3rym walczy\u00c5\u0082 Harry Potter :-)"
    },
    {
      "uri": "photos_and_videos/BazyliszekzktorymwalczylHarryPotter_eW3p751zFA/579330_613799405350346_1094086432_n_613799405350346.jpg",
      "creation_timestamp": 1385995421,
      "media_metadata": {
        "photo_metadata": {
          "upload_ip": "193.0.101.171"
        }
      },
      "title": "Bazyliszek z kt\u00c3\u00b3rym walczy\u00c5\u0082 Harry Potter :-)"
    },
    {
      "uri": "photos_and_videos/BazyliszekzktorymwalczylHarryPotter_eW3p751zFA/1466249_613799418683678_1661760683_n_613799418683678.jpg",
      "creation_timestamp": 1385995422,
      "media_metadata": {
        "photo_metadata": {
          "upload_ip": "193.0.101.171"
        }
      },
      "title": "Bazyliszek z kt\u00c3\u00b3rym walczy\u00c5\u0082 Harry Potter :-)"
    },
    {
      "uri": "photos_and_videos/BazyliszekzktorymwalczylHarryPotter_eW3p751zFA/1486655_613799432017010_977536748_n_613799432017010.jpg",
      "creation_timestamp": 1385995422,
      "media_metadata": {
        "photo_metadata": {
          "upload_ip": "193.0.101.171"
        }
      },
      "title": "Bazyliszek z kt\u00c3\u00b3rym walczy\u00c5\u0082 Harry Potter :-)"
    },
    {
      "uri": "photos_and_videos/BazyliszekzktorymwalczylHarryPotter_eW3p751zFA/1474393_613799452017008_1818879768_n_613799452017008.jpg",
      "creation_timestamp": 1385995423,
      "media_metadata": {
        "photo_metadata": {
          "upload_ip": "193.0.101.171"
        }
      },
      "title": "Bazyliszek z kt\u00c3\u00b3rym walczy\u00c5\u0082 Harry Potter :-)"
    },
    {
      "uri": "photos_and_videos/BazyliszekzktorymwalczylHarryPotter_eW3p751zFA/1404993_613799455350341_1875613035_o_613799455350341.jpg",
      "creation_timestamp": 1385995423,
      "media_metadata": {
        "photo_metadata": {
          "upload_ip": "193.0.101.171"
        }
      },
      "title": "Bazyliszek z kt\u00c3\u00b3rym walczy\u00c5\u0082 Harry Potter :-)"
    },
    {
      "uri": "photos_and_videos/BazyliszekzktorymwalczylHarryPotter_eW3p751zFA/602809_613799458683674_1125163024_n_613799458683674.jpg",
      "creation_timestamp": 1385995423,
      "media_metadata": {
        "photo_metadata": {
          "upload_ip": "193.0.101.171"
        }
      },
      "title": "Bazyliszek z kt\u00c3\u00b3rym walczy\u00c5\u0082 Harry Potter :-)",
      "description": "This image was obtained from the Smithsonian Institution. The image or its contents may be protected by international copyright laws."
    }
  ],
  "cover_photo": {
    "uri": "photos_and_videos/BazyliszekzktorymwalczylHarryPotter_eW3p751zFA/1450797_613799365350350_310750132_n_613799365350350.jpg",
    "creation_timestamp": 1385995420,
    "media_metadata": {
      "photo_metadata": {
        "upload_ip": "193.0.101.171"
      }
    },
    "title": "Bazyliszek z kt\u00c3\u00b3rym walczy\u00c5\u0082 Harry Potter :-)"
  },
  "last_modified_timestamp": 1385995538,
  "comments": [
    {
      "timestamp": 1385995712,
      "comment": "http://en.wikipedia.org/wiki/Titanoboa",
      "author": "Timeline Of The Planet Earth - Kalendarz Dziej\u00c3\u00b3w Planety Ziemia"
    },
    {
      "timestamp": 1386020511,
      "comment": "http://www.prehistoric-wildlife.com/images/species/o/otodus-size.jpg",
      "author": "Timeline Of The Planet Earth - Kalendarz Dziej\u00c3\u00b3w Planety Ziemia"
    }
  ],
  "description": "A tak naprawd\u00c4\u0099 titanoboa"
}