{
  "name": "G\u00c3\u00b3rna Kreda",
  "photos": [
    {
      "uri": "photos_and_videos/GornaKreda_6a3tJ2ad7g/1472904_611426152254338_1069414880_n_611426152254338.jpg",
      "creation_timestamp": 1385569089,
      "media_metadata": {
        "photo_metadata": {
          "upload_ip": "193.242.147.161"
        }
      },
      "title": "G\u00c3\u00b3rna Kreda"
    },
    {
      "uri": "photos_and_videos/GornaKreda_6a3tJ2ad7g/1469901_611426162254337_303450054_n_611426162254337.jpg",
      "creation_timestamp": 1385569090,
      "media_metadata": {
        "photo_metadata": {
          "upload_ip": "193.242.147.161"
        }
      },
      "title": "G\u00c3\u00b3rna Kreda"
    },
    {
      "uri": "photos_and_videos/GornaKreda_6a3tJ2ad7g/1472797_611426165587670_1245974034_n_611426165587670.jpg",
      "creation_timestamp": 1385569090,
      "media_metadata": {
        "photo_metadata": {
          "upload_ip": "193.242.147.161"
        }
      },
      "title": "G\u00c3\u00b3rna Kreda",
      "description": "Bolid..."
    },
    {
      "uri": "photos_and_videos/GornaKreda_6a3tJ2ad7g/1422471_611426182254335_689620272_n_611426182254335.jpg",
      "creation_timestamp": 1385569090,
      "media_metadata": {
        "photo_metadata": {
          "upload_ip": "193.242.147.161"
        }
      },
      "comments": [
        {
          "timestamp": 1385647542,
          "comment": "Those Look From Animal Armageddon",
          "author": "Chris Mckenzie"
        }
      ],
      "title": "G\u00c3\u00b3rna Kreda"
    },
    {
      "uri": "photos_and_videos/GornaKreda_6a3tJ2ad7g/1453533_611995082197445_555514392_n_611995082197445.jpg",
      "creation_timestamp": 1385670009,
      "media_metadata": {
        "photo_metadata": {
          "upload_ip": "193.242.147.161"
        }
      },
      "title": "G\u00c3\u00b3rna Kreda",
      "description": "Tyrannosaurus rex, oil painting by Zdenek Burian (11.2.1905 - 1.7.1981), primitive times, hist \u00c2\u00a9 INTERFOTO  / Alamy"
    },
    {
      "uri": "photos_and_videos/GornaKreda_6a3tJ2ad7g/1398557_611995125530774_1529730186_o_611995125530774.jpg",
      "creation_timestamp": 1385670016,
      "media_metadata": {
        "photo_metadata": {
          "upload_ip": "193.242.147.161"
        }
      },
      "title": "G\u00c3\u00b3rna Kreda",
      "description": "Triceratops by Zdenek Burian"
    }
  ],
  "cover_photo": {
    "uri": "photos_and_videos/GornaKreda_6a3tJ2ad7g/1472797_611426165587670_1245974034_n_611426165587670.jpg",
    "creation_timestamp": 1385569090,
    "media_metadata": {
      "photo_metadata": {
        "upload_ip": "193.242.147.161"
      }
    },
    "title": "G\u00c3\u00b3rna Kreda",
    "description": "Bolid..."
  },
  "last_modified_timestamp": 1385670239,
  "comments": [
    {
      "timestamp": 1386189451,
      "comment": "Cretaceous by Mat Brown (http://matbrown.org/temp/)",
      "author": "Timeline Of The Planet Earth - Kalendarz Dziej\u00c3\u00b3w Planety Ziemia"
    }
  ],
  "description": ""
}