{
  "name": "Homo neanderthalensis vs. Homo sapiens neanderthalensis",
  "photos": [
    {
      "uri": "photos_and_videos/HomoneanderthalensisvsHomosapiensneanderthalensis_HKiJERbW8g/1505601_626902587373361_2096275976_n_626902587373361.jpg",
      "creation_timestamp": 1388399233,
      "media_metadata": {
        "photo_metadata": {
          "upload_ip": "78.131.235.82"
        }
      },
      "title": "Homo neanderthalensis vs. Homo sapiens neanderthalensis"
    },
    {
      "uri": "photos_and_videos/HomoneanderthalensisvsHomosapiensneanderthalensis_HKiJERbW8g/1506010_626902597373360_1320458647_n_626902597373360.jpg",
      "creation_timestamp": 1388399234,
      "media_metadata": {
        "photo_metadata": {
          "upload_ip": "78.131.235.82"
        }
      },
      "title": "Homo neanderthalensis vs. Homo sapiens neanderthalensis"
    },
    {
      "uri": "photos_and_videos/HomoneanderthalensisvsHomosapiensneanderthalensis_HKiJERbW8g/1508595_626902607373359_695101663_n_626902607373359.jpg",
      "creation_timestamp": 1388399234,
      "media_metadata": {
        "photo_metadata": {
          "upload_ip": "78.131.235.82"
        }
      },
      "title": "Homo neanderthalensis vs. Homo sapiens neanderthalensis"
    },
    {
      "uri": "photos_and_videos/HomoneanderthalensisvsHomosapiensneanderthalensis_HKiJERbW8g/1484232_626902627373357_745785393_n_626902627373357.jpg",
      "creation_timestamp": 1388399236,
      "media_metadata": {
        "photo_metadata": {
          "upload_ip": "78.131.235.82"
        }
      },
      "title": "Homo neanderthalensis vs. Homo sapiens neanderthalensis"
    }
  ],
  "cover_photo": {
    "uri": "photos_and_videos/HomoneanderthalensisvsHomosapiensneanderthalensis_HKiJERbW8g/1506010_626902597373360_1320458647_n_626902597373360.jpg",
    "creation_timestamp": 1388399234,
    "media_metadata": {
      "photo_metadata": {
        "upload_ip": "78.131.235.82"
      }
    },
    "title": "Homo neanderthalensis vs. Homo sapiens neanderthalensis"
  },
  "last_modified_timestamp": 1388399287,
  "comments": [
    
  ],
  "description": ""
}