{
  "name": "Images in Time - Triassic",
  "photos": [
    {
      "uri": "photos_and_videos/ImagesinTimeTriassic_JKN9SmYktw/1175334_573245602739060_2037685509_n_573245602739060.jpg",
      "creation_timestamp": 1378974515,
      "media_metadata": {
        "photo_metadata": {
          "upload_ip": "193.242.147.161"
        }
      },
      "title": "Images in Time - Triassic"
    },
    {
      "uri": "photos_and_videos/ImagesinTimeTriassic_JKN9SmYktw/1012506_573245606072393_2107240602_n_573245606072393.jpg",
      "creation_timestamp": 1378974515,
      "media_metadata": {
        "photo_metadata": {
          "upload_ip": "193.242.147.161"
        }
      },
      "title": "Images in Time - Triassic"
    },
    {
      "uri": "photos_and_videos/ImagesinTimeTriassic_JKN9SmYktw/1235157_573245616072392_500084014_n_573245616072392.jpg",
      "creation_timestamp": 1378974516,
      "media_metadata": {
        "photo_metadata": {
          "upload_ip": "193.242.147.161"
        }
      },
      "title": "Images in Time - Triassic"
    },
    {
      "uri": "photos_and_videos/ImagesinTimeTriassic_JKN9SmYktw/1239386_573245632739057_1913851289_n_573245632739057.jpg",
      "creation_timestamp": 1378974517,
      "media_metadata": {
        "photo_metadata": {
          "upload_ip": "193.242.147.161"
        }
      },
      "title": "Images in Time - Triassic"
    },
    {
      "uri": "photos_and_videos/ImagesinTimeTriassic_JKN9SmYktw/1174705_573245639405723_1811015378_n_573245639405723.jpg",
      "creation_timestamp": 1378974518,
      "media_metadata": {
        "photo_metadata": {
          "upload_ip": "193.242.147.161"
        }
      },
      "title": "Images in Time - Triassic"
    },
    {
      "uri": "photos_and_videos/ImagesinTimeTriassic_JKN9SmYktw/1000013_573245649405722_1034702403_n_573245649405722.jpg",
      "creation_timestamp": 1378974518,
      "media_metadata": {
        "photo_metadata": {
          "upload_ip": "193.242.147.161"
        }
      },
      "title": "Images in Time - Triassic"
    },
    {
      "uri": "photos_and_videos/ImagesinTimeTriassic_JKN9SmYktw/1005365_573245666072387_1459965264_n_573245666072387.jpg",
      "creation_timestamp": 1378974519,
      "media_metadata": {
        "photo_metadata": {
          "upload_ip": "193.242.147.161"
        }
      },
      "title": "Images in Time - Triassic"
    }
  ],
  "cover_photo": {
    "uri": "photos_and_videos/ImagesinTimeTriassic_JKN9SmYktw/1235157_573245616072392_500084014_n_573245616072392.jpg",
    "creation_timestamp": 1378974516,
    "media_metadata": {
      "photo_metadata": {
        "upload_ip": "193.242.147.161"
      }
    },
    "title": "Images in Time - Triassic"
  },
  "last_modified_timestamp": 1378974568,
  "comments": [
    
  ],
  "description": "http://www.uky.edu/KGS/education/Imgtriassic.htm"
}