{
  "name": "Indricotherium",
  "photos": [
    {
      "uri": "photos_and_videos/Indricotherium_xmmxvgKQ7A/1487353_621778671219086_1826650566_n_621778671219086.jpg",
      "creation_timestamp": 1387460806,
      "media_metadata": {
        "photo_metadata": {
          "upload_ip": "193.242.147.161"
        }
      },
      "title": "Indricotherium",
      "description": "@ Smitsonian"
    },
    {
      "uri": "photos_and_videos/Indricotherium_xmmxvgKQ7A/579707_621779041219049_1928537880_n_621779041219049.jpg",
      "creation_timestamp": 1387460873,
      "media_metadata": {
        "photo_metadata": {
          "upload_ip": "193.242.147.161"
        }
      },
      "title": "Indricotherium"
    },
    {
      "uri": "photos_and_videos/Indricotherium_xmmxvgKQ7A/1475905_621779051219048_1769077192_n_621779051219048.jpg",
      "creation_timestamp": 1387460875,
      "media_metadata": {
        "photo_metadata": {
          "upload_ip": "193.242.147.161"
        }
      },
      "title": "Indricotherium"
    },
    {
      "uri": "photos_and_videos/Indricotherium_xmmxvgKQ7A/1502874_621779061219047_576908252_o_621779061219047.png",
      "creation_timestamp": 1387460876,
      "media_metadata": {
        "photo_metadata": {
          "upload_ip": "193.242.147.161"
        }
      },
      "title": "Indricotherium"
    },
    {
      "uri": "photos_and_videos/Indricotherium_xmmxvgKQ7A/1502423_621779071219046_1065224426_o_621779071219046.jpg",
      "creation_timestamp": 1387460878,
      "media_metadata": {
        "photo_metadata": {
          "upload_ip": "193.242.147.161"
        }
      },
      "title": "Indricotherium"
    },
    {
      "uri": "photos_and_videos/Indricotherium_xmmxvgKQ7A/1524197_621779087885711_370713271_o_621779087885711.jpg",
      "creation_timestamp": 1387460880,
      "media_metadata": {
        "photo_metadata": {
          "upload_ip": "193.242.147.161"
        }
      },
      "title": "Indricotherium"
    },
    {
      "uri": "photos_and_videos/Indricotherium_xmmxvgKQ7A/740059_621779117885708_167302143_o_621779117885708.jpg",
      "creation_timestamp": 1387460883,
      "media_metadata": {
        "photo_metadata": {
          "upload_ip": "193.242.147.161"
        }
      },
      "title": "Indricotherium",
      "description": "Migration"
    },
    {
      "uri": "photos_and_videos/Indricotherium_xmmxvgKQ7A/1506092_621779134552373_1989454295_o_621779134552373.jpg",
      "creation_timestamp": 1387460884,
      "media_metadata": {
        "photo_metadata": {
          "upload_ip": "193.242.147.161"
        }
      },
      "title": "Indricotherium"
    },
    {
      "uri": "photos_and_videos/Indricotherium_xmmxvgKQ7A/1531725_621779141219039_1755279730_n_621779141219039.jpg",
      "creation_timestamp": 1387460885,
      "media_metadata": {
        "photo_metadata": {
          "upload_ip": "193.242.147.161"
        }
      },
      "title": "Indricotherium"
    },
    {
      "uri": "photos_and_videos/Indricotherium_xmmxvgKQ7A/1511833_621779214552365_721262913_o_621779214552365.jpg",
      "creation_timestamp": 1387460892,
      "media_metadata": {
        "photo_metadata": {
          "upload_ip": "193.242.147.161"
        }
      },
      "title": "Indricotherium",
      "description": "Migration II"
    },
    {
      "uri": "photos_and_videos/Indricotherium_xmmxvgKQ7A/1511972_621779227885697_1605863092_o_621779227885697.jpg",
      "creation_timestamp": 1387460893,
      "media_metadata": {
        "photo_metadata": {
          "upload_ip": "193.242.147.161"
        }
      },
      "title": "Indricotherium"
    },
    {
      "uri": "photos_and_videos/Indricotherium_xmmxvgKQ7A/1510449_621779234552363_343130412_n_621779234552363.jpg",
      "creation_timestamp": 1387460893,
      "media_metadata": {
        "photo_metadata": {
          "upload_ip": "193.242.147.161"
        }
      },
      "title": "Indricotherium",
      "description": "Feeding..."
    },
    {
      "uri": "photos_and_videos/Indricotherium_xmmxvgKQ7A/1502675_621779294552357_163614951_o_621779294552357.jpg",
      "creation_timestamp": 1387460898,
      "media_metadata": {
        "photo_metadata": {
          "upload_ip": "193.242.147.161"
        }
      },
      "title": "Indricotherium",
      "description": "Burian's"
    }
  ],
  "cover_photo": {
    "uri": "photos_and_videos/Indricotherium_xmmxvgKQ7A/1487353_621778671219086_1826650566_n_621778671219086.jpg",
    "creation_timestamp": 1387460806,
    "media_metadata": {
      "photo_metadata": {
        "upload_ip": "193.242.147.161"
      }
    },
    "title": "Indricotherium",
    "description": "@ Smitsonian"
  },
  "last_modified_timestamp": 1387461088,
  "comments": [
    {
      "timestamp": 1387490998,
      "comment": "Ta scenka z Waszyngto\u00c5\u0084skiego Smitsonian'u przys\u00c5\u0082ana mi w 1974 roku na poczt\u00c3\u00b3wce zadecydowa\u00c5\u0082a o ca\u00c5\u0082ej mojej przysz\u00c5\u0082o\u00c5\u009bci jako biologa i mi\u00c5\u0082o\u00c5\u009bnika paleontologi. Z zostania zawodowym paleontologiem jednak zrezygnowa\u00c5\u0082em, dowiedziawszy si\u00c4\u0099, \u00c5\u00bce to dzia\u00c5\u0082 geologii i studia zdecydowanie geologiczne - c\u00c3\u00b3\u00c5\u00bc za rozczarowanie! ;-)",
      "author": "Wojciech T. Borkowski"
    }
  ],
  "description": ""
}