{
  "name": "Jura",
  "photos": [
    {
      "uri": "photos_and_videos/Jura_QL1lQ2nEQg/1238956_579669298763357_1112126711_n_579669298763357.jpg",
      "creation_timestamp": 1380197386,
      "media_metadata": {
        "photo_metadata": {
          "upload_ip": "193.242.147.161"
        }
      },
      "title": "Jura"
    }
  ],
  "cover_photo": {
    "uri": "photos_and_videos/Jura_QL1lQ2nEQg/1238956_579669298763357_1112126711_n_579669298763357.jpg",
    "creation_timestamp": 1380197386,
    "media_metadata": {
      "photo_metadata": {
        "upload_ip": "193.242.147.161"
      }
    },
    "title": "Jura"
  },
  "last_modified_timestamp": 1380197398,
  "comments": [
    
  ],
  "description": ""
}