{
  "name": "Jurassic Period",
  "photos": [
    {
      "uri": "photos_and_videos/JurassicPeriod_ZW5vE90NfA/1378241_592153950848225_600817868_n_592153950848225.jpg",
      "creation_timestamp": 1382260020,
      "media_metadata": {
        "photo_metadata": {
          "upload_ip": "193.242.147.161"
        }
      },
      "title": "Jurassic Period",
      "description": "Ichthyosaurus"
    },
    {
      "uri": "photos_and_videos/JurassicPeriod_ZW5vE90NfA/1375160_592153957514891_1496666568_n_592153957514891.jpg",
      "creation_timestamp": 1382260020,
      "media_metadata": {
        "photo_metadata": {
          "upload_ip": "193.242.147.161"
        }
      },
      "title": "Jurassic Period",
      "description": "Liopleurodon"
    },
    {
      "uri": "photos_and_videos/JurassicPeriod_ZW5vE90NfA/1383860_592153960848224_250942190_n_592153960848224.jpg",
      "creation_timestamp": 1382260020,
      "media_metadata": {
        "photo_metadata": {
          "upload_ip": "193.242.147.161"
        }
      },
      "title": "Jurassic Period",
      "description": "Sauropods"
    }
  ],
  "cover_photo": {
    "uri": "photos_and_videos/JurassicPeriod_ZW5vE90NfA/1383860_592153960848224_250942190_n_592153960848224.jpg",
    "creation_timestamp": 1382260020,
    "media_metadata": {
      "photo_metadata": {
        "upload_ip": "193.242.147.161"
      }
    },
    "title": "Jurassic Period",
    "description": "Sauropods"
  },
  "last_modified_timestamp": 1382260050,
  "comments": [
    {
      "timestamp": 1382273555,
      "comment": "Jako\u00c5\u009b dziwnie si\u00c4\u0099 udost\u00c4\u0099pni\u00c5\u0082o?",
      "author": "Wojciech T. Borkowski"
    }
  ],
  "description": "http://www.uky.edu/KGS/education/Imgjurassic.htm"
}