{
  "name": "Kambr",
  "photos": [
    {
      "uri": "photos_and_videos/Kambr_hByr1tCsDQ/600777_522075597856061_1084341574_n_522075597856061.jpg",
      "creation_timestamp": 1369165002,
      "media_metadata": {
        "photo_metadata": {
          "upload_ip": "50.150.244.179"
        }
      },
      "title": "Kambr",
      "description": "cambrian Opabinia.jpg"
    },
    {
      "uri": "photos_and_videos/Kambr_hByr1tCsDQ/261741_522075604522727_528534500_n_522075604522727.jpg",
      "creation_timestamp": 1369165001,
      "media_metadata": {
        "photo_metadata": {
          "upload_ip": "50.150.244.179"
        }
      },
      "title": "Kambr",
      "description": "cambrian Anomalocaris.jpg"
    },
    {
      "uri": "photos_and_videos/Kambr_hByr1tCsDQ/943125_522075607856060_1354451180_n_522075607856060.jpg",
      "creation_timestamp": 1369165001,
      "media_metadata": {
        "photo_metadata": {
          "upload_ip": "50.150.244.179"
        }
      },
      "title": "Kambr",
      "description": "cambrian Marrella.jpg"
    },
    {
      "uri": "photos_and_videos/Kambr_hByr1tCsDQ/263264_522075627856058_634684993_n_522075627856058.jpg",
      "creation_timestamp": 1369165002,
      "media_metadata": {
        "photo_metadata": {
          "upload_ip": "50.150.244.179"
        }
      },
      "title": "Kambr",
      "description": "cambrian Sidneyia - arthropod.jpg"
    },
    {
      "uri": "photos_and_videos/Kambr_hByr1tCsDQ/936313_522075647856056_1197553664_n_522075647856056.jpg",
      "creation_timestamp": 1369165003,
      "media_metadata": {
        "photo_metadata": {
          "upload_ip": "50.150.244.179"
        }
      },
      "title": "Kambr",
      "description": "Burgess Shale"
    },
    {
      "uri": "photos_and_videos/Kambr_hByr1tCsDQ/936174_522075654522722_1766549723_n_522075654522722.jpg",
      "creation_timestamp": 1369165004,
      "media_metadata": {
        "photo_metadata": {
          "upload_ip": "50.150.244.179"
        }
      },
      "title": "Kambr",
      "description": "Ekosystem"
    }
  ],
  "cover_photo": {
    "uri": "photos_and_videos/Kambr_hByr1tCsDQ/943125_522075607856060_1354451180_n_522075607856060.jpg",
    "creation_timestamp": 1369165001,
    "media_metadata": {
      "photo_metadata": {
        "upload_ip": "50.150.244.179"
      }
    },
    "title": "Kambr",
    "description": "cambrian Marrella.jpg"
  },
  "last_modified_timestamp": 1369165569,
  "comments": [
    
  ],
  "description": "Kambr w rysunkach z internetu"
}