{
  "name": "Kreda - wspomnienie",
  "photos": [
    {
      "uri": "photos_and_videos/Kredawspomnienie_6Y0HRXMURQ/1469871_612274815502805_1185390946_n_612274815502805.jpg",
      "creation_timestamp": 1385731709,
      "media_metadata": {
        "photo_metadata": {
          "upload_ip": "193.0.101.171"
        }
      },
      "title": "Kreda - wspomnienie"
    },
    {
      "uri": "photos_and_videos/Kredawspomnienie_6Y0HRXMURQ/1452174_612274818836138_85288707_n_612274818836138.jpg",
      "creation_timestamp": 1385731709,
      "media_metadata": {
        "photo_metadata": {
          "upload_ip": "193.0.101.171"
        }
      },
      "title": "Kreda - wspomnienie"
    },
    {
      "uri": "photos_and_videos/Kredawspomnienie_6Y0HRXMURQ/1476020_612274828836137_685799641_n_612274828836137.jpg",
      "creation_timestamp": 1385731710,
      "media_metadata": {
        "photo_metadata": {
          "upload_ip": "193.0.101.171"
        }
      },
      "title": "Kreda - wspomnienie"
    },
    {
      "uri": "photos_and_videos/Kredawspomnienie_6Y0HRXMURQ/1475857_612274845502802_1629022891_n_612274845502802.jpg",
      "creation_timestamp": 1385731710,
      "media_metadata": {
        "photo_metadata": {
          "upload_ip": "193.0.101.171"
        }
      },
      "title": "Kreda - wspomnienie"
    },
    {
      "uri": "photos_and_videos/Kredawspomnienie_6Y0HRXMURQ/1470279_612274852169468_62007665_n_612274852169468.jpg",
      "creation_timestamp": 1385731710,
      "media_metadata": {
        "photo_metadata": {
          "upload_ip": "193.0.101.171"
        }
      },
      "title": "Kreda - wspomnienie",
      "description": "Raptor"
    }
  ],
  "cover_photo": {
    "uri": "photos_and_videos/Kredawspomnienie_6Y0HRXMURQ/1476020_612274828836137_685799641_n_612274828836137.jpg",
    "creation_timestamp": 1385731710,
    "media_metadata": {
      "photo_metadata": {
        "upload_ip": "193.0.101.171"
      }
    },
    "title": "Kreda - wspomnienie"
  },
  "last_modified_timestamp": 1385731784,
  "comments": [
    
  ],
  "description": ""
}