{
  "name": "Mapy",
  "photos": [
    {
      "uri": "photos_and_videos/Mapy_0U30bvcg0Q/223530_481519608578327_1079473746_n_481519608578327.jpg",
      "creation_timestamp": 1360846971,
      "media_metadata": {
        "photo_metadata": {
          "upload_ip": "193.242.147.161"
        }
      },
      "title": "Mapy",
      "description": "http://rovicky.files.wordpress.com/2009/11/6501.jpg"
    }
  ],
  "cover_photo": {
    "uri": "photos_and_videos/Mapy_0U30bvcg0Q/223530_481519608578327_1079473746_n_481519608578327.jpg",
    "creation_timestamp": 1360846971,
    "media_metadata": {
      "photo_metadata": {
        "upload_ip": "193.242.147.161"
      }
    },
    "title": "Mapy",
    "description": "http://rovicky.files.wordpress.com/2009/11/6501.jpg"
  },
  "last_modified_timestamp": 1360847008,
  "comments": [
    
  ],
  "description": "Rekonstrukcje dawnego wygl\u00c4\u0085du naszej planety"
}