{
  "name": "Miocene",
  "photos": [
    {
      "uri": "photos_and_videos/Miocene_3DDgnBkHqw/1505024_623350974395189_976870380_n_623350974395189.jpg",
      "creation_timestamp": 1387753894,
      "media_metadata": {
        "photo_metadata": {
          "upload_ip": "193.242.147.161"
        }
      },
      "title": "Miocene",
      "description": "Asia/Europe?"
    },
    {
      "uri": "photos_and_videos/Miocene_3DDgnBkHqw/1497607_623350984395188_2114807918_n_623350984395188.jpg",
      "creation_timestamp": 1387753895,
      "media_metadata": {
        "photo_metadata": {
          "upload_ip": "193.242.147.161"
        }
      },
      "title": "Miocene",
      "description": "Proconsul"
    },
    {
      "uri": "photos_and_videos/Miocene_3DDgnBkHqw/1525305_623350987728521_1524233508_n_623350987728521.jpg",
      "creation_timestamp": 1387753895,
      "media_metadata": {
        "photo_metadata": {
          "upload_ip": "193.242.147.161"
        }
      },
      "title": "Miocene",
      "description": "Florida"
    },
    {
      "uri": "photos_and_videos/Miocene_3DDgnBkHqw/579358_623351024395184_1638256645_n_623351024395184.jpg",
      "creation_timestamp": 1387753900,
      "media_metadata": {
        "photo_metadata": {
          "upload_ip": "193.242.147.161"
        }
      },
      "title": "Miocene",
      "description": "Smitsonian"
    },
    {
      "uri": "photos_and_videos/Miocene_3DDgnBkHqw/1512837_623351027728517_203612137_n_623351027728517.jpg",
      "creation_timestamp": 1387753900,
      "media_metadata": {
        "photo_metadata": {
          "upload_ip": "193.242.147.161"
        }
      },
      "title": "Miocene",
      "description": "River"
    },
    {
      "uri": "photos_and_videos/Miocene_3DDgnBkHqw/1521576_623351067728513_1609774909_n_623351067728513.png",
      "creation_timestamp": 1387753906,
      "media_metadata": {
        "photo_metadata": {
          "upload_ip": "193.242.147.161"
        }
      },
      "title": "Miocene",
      "description": "Equus (Smitsonian)"
    },
    {
      "uri": "photos_and_videos/Miocene_3DDgnBkHqw/994996_623351071061846_157452575_n_623351071061846.jpg",
      "creation_timestamp": 1387753906,
      "media_metadata": {
        "photo_metadata": {
          "upload_ip": "193.242.147.161"
        }
      },
      "title": "Miocene",
      "description": "N. Am."
    },
    {
      "uri": "photos_and_videos/Miocene_3DDgnBkHqw/1487880_623351104395176_2046500849_o_623351104395176.jpg",
      "creation_timestamp": 1387753911,
      "media_metadata": {
        "photo_metadata": {
          "upload_ip": "193.242.147.161"
        }
      },
      "title": "Miocene",
      "description": "Smitsonian"
    },
    {
      "uri": "photos_and_videos/Miocene_3DDgnBkHqw/1524385_623352074395079_1297278988_o_623352074395079.jpg",
      "creation_timestamp": 1387754110,
      "media_metadata": {
        "photo_metadata": {
          "upload_ip": "193.242.147.161"
        }
      },
      "title": "Miocene",
      "description": "http://paleoillustration.tumblr.com/post/41042384995/miocene-scene-by-mauricio-anton"
    },
    {
      "uri": "photos_and_videos/Miocene_3DDgnBkHqw/1538874_623352751061678_1600216565_n_623352751061678.jpg",
      "creation_timestamp": 1387754241,
      "media_metadata": {
        "photo_metadata": {
          "upload_ip": "193.242.147.161"
        }
      },
      "title": "Miocene",
      "description": "Mat about Miocene"
    }
  ],
  "cover_photo": {
    "uri": "photos_and_videos/Miocene_3DDgnBkHqw/1524385_623352074395079_1297278988_o_623352074395079.jpg",
    "creation_timestamp": 1387754110,
    "media_metadata": {
      "photo_metadata": {
        "upload_ip": "193.242.147.161"
      }
    },
    "title": "Miocene",
    "description": "http://paleoillustration.tumblr.com/post/41042384995/miocene-scene-by-mauricio-anton"
  },
  "last_modified_timestamp": 1387754342,
  "comments": [
    
  ],
  "description": ""
}