{
  "name": "Ba\u00c5\u0082t\u00c3\u00b3w 2005",
  "photos": [
    {
      "uri": "photos_and_videos/Baltow2005_DXxKuKplJw/1400770_591083197621967_1395177657_o_591083197621967.jpg",
      "creation_timestamp": 1382095161,
      "media_metadata": {
        "photo_metadata": {
          "upload_ip": "193.242.147.161"
        }
      },
      "title": "Ba\u00c5\u0082t\u00c3\u00b3w 2005"
    },
    {
      "uri": "photos_and_videos/Baltow2005_DXxKuKplJw/1243069_591083200955300_591343200_o_591083200955300.jpg",
      "creation_timestamp": 1382095161,
      "media_metadata": {
        "photo_metadata": {
          "upload_ip": "193.242.147.161"
        }
      },
      "title": "Ba\u00c5\u0082t\u00c3\u00b3w 2005"
    },
    {
      "uri": "photos_and_videos/Baltow2005_DXxKuKplJw/1397044_591083204288633_1339463409_o_591083204288633.jpg",
      "creation_timestamp": 1382095161,
      "media_metadata": {
        "photo_metadata": {
          "upload_ip": "193.242.147.161"
        }
      },
      "title": "Ba\u00c5\u0082t\u00c3\u00b3w 2005"
    },
    {
      "uri": "photos_and_videos/Baltow2005_DXxKuKplJw/906122_591083287621958_1615855834_o_591083287621958.jpg",
      "creation_timestamp": 1382095172,
      "media_metadata": {
        "photo_metadata": {
          "upload_ip": "193.242.147.161"
        }
      },
      "title": "Ba\u00c5\u0082t\u00c3\u00b3w 2005"
    }
  ],
  "cover_photo": {
    "uri": "photos_and_videos/Baltow2005_DXxKuKplJw/1243069_591083200955300_591343200_o_591083200955300.jpg",
    "creation_timestamp": 1382095161,
    "media_metadata": {
      "photo_metadata": {
        "upload_ip": "193.242.147.161"
      }
    },
    "title": "Ba\u00c5\u0082t\u00c3\u00b3w 2005"
  },
  "last_modified_timestamp": 1382095190,
  "comments": [
    {
      "timestamp": 1382112222,
      "comment": "Zapraszam do Ba\u00c5\u0082towa by zrobi\u00c4\u0087  nowe zdj\u00c4\u0099cia. Bo wi\u00c4\u0099kszo\u00c5\u009b\u00c4\u0087 modeli zosta\u00c5\u0082a ju\u00c5\u00bc wymieniona.",
      "author": "Tomasz Singer"
    },
    {
      "timestamp": 1382112305,
      "comment": "Przeje\u00c5\u00bcd\u00c5\u00bcam obok kilka razy do roku, ale zawsze niestety w po\u00c5\u009bpiechu.",
      "author": "Wojciech T. Borkowski"
    }
  ],
  "description": ""
}