{
  "name": "Missisipian sea floor",
  "photos": [
    {
      "uri": "photos_and_videos/Missisipianseafloor_7-JiucOkIA/1000475_543703332359954_2115032900_n_543703332359954.jpg",
      "creation_timestamp": 1373297598,
      "media_metadata": {
        "photo_metadata": {
          "upload_ip": "94.254.213.67"
        }
      },
      "title": "Missisipian sea floor"
    },
    {
      "uri": "photos_and_videos/Missisipianseafloor_7-JiucOkIA/1044619_543703335693287_514972458_n_543703335693287.jpg",
      "creation_timestamp": 1373297599,
      "media_metadata": {
        "photo_metadata": {
          "upload_ip": "94.254.213.67"
        }
      },
      "title": "Missisipian sea floor",
      "description": "Crinoid - liliowiec"
    },
    {
      "uri": "photos_and_videos/Missisipianseafloor_7-JiucOkIA/1002117_543703339026620_351846514_n_543703339026620.jpg",
      "creation_timestamp": 1373297599,
      "media_metadata": {
        "photo_metadata": {
          "upload_ip": "94.254.213.67"
        }
      },
      "title": "Missisipian sea floor",
      "description": "Crinoid - liliowiec"
    },
    {
      "uri": "photos_and_videos/Missisipianseafloor_7-JiucOkIA/66802_543703365693284_510660703_n_543703365693284.jpg",
      "creation_timestamp": 1373297602,
      "media_metadata": {
        "photo_metadata": {
          "upload_ip": "94.254.213.67"
        }
      },
      "title": "Missisipian sea floor",
      "description": "Crinoids - liliowce"
    },
    {
      "uri": "photos_and_videos/Missisipianseafloor_7-JiucOkIA/942676_543703385693282_186588031_n_543703385693282.jpg",
      "creation_timestamp": 1373297604,
      "media_metadata": {
        "photo_metadata": {
          "upload_ip": "94.254.213.67"
        }
      },
      "title": "Missisipian sea floor",
      "description": "Dno morskie w dolnym karbonie"
    }
  ],
  "cover_photo": {
    "uri": "photos_and_videos/Missisipianseafloor_7-JiucOkIA/1000475_543703332359954_2115032900_n_543703332359954.jpg",
    "creation_timestamp": 1373297598,
    "media_metadata": {
      "photo_metadata": {
        "upload_ip": "94.254.213.67"
      }
    },
    "title": "Missisipian sea floor"
  },
  "last_modified_timestamp": 1373297646,
  "comments": [
    {
      "timestamp": 1373298760,
      "comment": "http://youtu.be/Dj5HDN6vU08",
      "author": "Timeline Of The Planet Earth - Kalendarz Dziej\u00c3\u00b3w Planety Ziemia"
    },
    {
      "timestamp": 1373401059,
      "comment": "http://24.media.tumblr.com/tumblr_kpbjlucO5H1qa1853o1_1280.jpg",
      "author": "Timeline Of The Planet Earth - Kalendarz Dziej\u00c3\u00b3w Planety Ziemia"
    },
    {
      "timestamp": 1373715333,
      "comment": "http://www.geology.wisc.edu/homepages/g100s2/public_html/Geologic_Time/L13_Miss_Life.jpg",
      "author": "Wojciech T. Borkowski"
    }
  ],
  "description": "http://www.uky.edu/KGS/education/"
}