{
  "name": "Obrazki z g\u00c3\u00b3rnego karbonu",
  "photos": [
    {
      "uri": "photos_and_videos/Obrazkizgornegokarbonu_z5XNSa_Wcg/59153_554116177985336_1430392300_n_554116177985336.jpg",
      "creation_timestamp": 1375285984,
      "media_metadata": {
        "photo_metadata": {
          "upload_ip": "78.131.235.82"
        }
      },
      "title": "Obrazki z g\u00c3\u00b3rnego karbonu"
    },
    {
      "uri": "photos_and_videos/Obrazkizgornegokarbonu_z5XNSa_Wcg/995134_554116187985335_1278434538_n_554116187985335.jpg",
      "creation_timestamp": 1375285984,
      "media_metadata": {
        "photo_metadata": {
          "upload_ip": "78.131.235.82"
        }
      },
      "title": "Obrazki z g\u00c3\u00b3rnego karbonu"
    },
    {
      "uri": "photos_and_videos/Obrazkizgornegokarbonu_z5XNSa_Wcg/18689_554116214651999_2111448971_n_554116214651999.jpg",
      "creation_timestamp": 1375285988,
      "media_metadata": {
        "photo_metadata": {
          "upload_ip": "78.131.235.82"
        }
      },
      "title": "Obrazki z g\u00c3\u00b3rnego karbonu"
    },
    {
      "uri": "photos_and_videos/Obrazkizgornegokarbonu_z5XNSa_Wcg/994883_554116227985331_1587452331_n_554116227985331.jpg",
      "creation_timestamp": 1375285992,
      "media_metadata": {
        "photo_metadata": {
          "upload_ip": "78.131.235.82"
        }
      },
      "title": "Obrazki z g\u00c3\u00b3rnego karbonu"
    },
    {
      "uri": "photos_and_videos/Obrazkizgornegokarbonu_z5XNSa_Wcg/64698_554116231318664_430330054_n_554116231318664.jpg",
      "creation_timestamp": 1375285992,
      "media_metadata": {
        "photo_metadata": {
          "upload_ip": "78.131.235.82"
        }
      },
      "title": "Obrazki z g\u00c3\u00b3rnego karbonu"
    },
    {
      "uri": "photos_and_videos/Obrazkizgornegokarbonu_z5XNSa_Wcg/1000306_554116241318663_1237822266_n_554116241318663.jpg",
      "creation_timestamp": 1375285992,
      "media_metadata": {
        "photo_metadata": {
          "upload_ip": "78.131.235.82"
        }
      },
      "title": "Obrazki z g\u00c3\u00b3rnego karbonu"
    },
    {
      "uri": "photos_and_videos/Obrazkizgornegokarbonu_z5XNSa_Wcg/1009030_554116301318657_612844514_o_554116301318657.jpg",
      "creation_timestamp": 1375286002,
      "media_metadata": {
        "photo_metadata": {
          "upload_ip": "78.131.235.82"
        }
      },
      "title": "Obrazki z g\u00c3\u00b3rnego karbonu"
    }
  ],
  "cover_photo": {
    "uri": "photos_and_videos/Obrazkizgornegokarbonu_z5XNSa_Wcg/995134_554116187985335_1278434538_n_554116187985335.jpg",
    "creation_timestamp": 1375285984,
    "media_metadata": {
      "photo_metadata": {
        "upload_ip": "78.131.235.82"
      }
    },
    "title": "Obrazki z g\u00c3\u00b3rnego karbonu"
  },
  "last_modified_timestamp": 1375286242,
  "comments": [
    
  ],
  "description": ""
}