{
  "name": "Obrazki z jury",
  "photos": [
    {
      "uri": "photos_and_videos/Obrazkizjury_Rngyf-RXJQ/1379418_591656407564646_765889503_n_591656407564646.jpg",
      "creation_timestamp": 1382181430,
      "media_metadata": {
        "photo_metadata": {
          "upload_ip": "193.242.147.161"
        }
      },
      "title": "Obrazki z jury"
    },
    {
      "uri": "photos_and_videos/Obrazkizjury_Rngyf-RXJQ/1400285_591656587564628_2046799625_o_591656587564628.jpg",
      "creation_timestamp": 1382181469,
      "media_metadata": {
        "photo_metadata": {
          "upload_ip": "193.242.147.161"
        }
      },
      "title": "Obrazki z jury"
    },
    {
      "uri": "photos_and_videos/Obrazkizjury_Rngyf-RXJQ/1410918_591656600897960_1471518812_o_591656600897960.jpg",
      "creation_timestamp": 1382181471,
      "media_metadata": {
        "photo_metadata": {
          "upload_ip": "193.242.147.161"
        }
      },
      "title": "Obrazki z jury"
    },
    {
      "uri": "photos_and_videos/Obrazkizjury_Rngyf-RXJQ/1399734_591656604231293_1485043278_o_591656604231293.jpg",
      "creation_timestamp": 1382181472,
      "media_metadata": {
        "photo_metadata": {
          "upload_ip": "193.242.147.161"
        }
      },
      "title": "Obrazki z jury"
    },
    {
      "uri": "photos_and_videos/Obrazkizjury_Rngyf-RXJQ/901342_591656617564625_1026984310_o_591656617564625.jpg",
      "creation_timestamp": 1382181473,
      "media_metadata": {
        "photo_metadata": {
          "upload_ip": "193.242.147.161"
        }
      },
      "title": "Obrazki z jury"
    },
    {
      "uri": "photos_and_videos/Obrazkizjury_Rngyf-RXJQ/1404556_591656640897956_940934689_o_591656640897956.jpg",
      "creation_timestamp": 1382181474,
      "media_metadata": {
        "photo_metadata": {
          "upload_ip": "193.242.147.161"
        }
      },
      "title": "Obrazki z jury"
    },
    {
      "uri": "photos_and_videos/Obrazkizjury_Rngyf-RXJQ/739913_591656650897955_1904293102_o_591656650897955.jpg",
      "creation_timestamp": 1382181476,
      "media_metadata": {
        "photo_metadata": {
          "upload_ip": "193.242.147.161"
        }
      },
      "title": "Obrazki z jury"
    },
    {
      "uri": "photos_and_videos/Obrazkizjury_Rngyf-RXJQ/1277834_591656664231287_1880828004_o_591656664231287.jpg",
      "creation_timestamp": 1382181478,
      "media_metadata": {
        "photo_metadata": {
          "upload_ip": "193.242.147.161"
        }
      },
      "title": "Obrazki z jury"
    },
    {
      "uri": "photos_and_videos/Obrazkizjury_Rngyf-RXJQ/1392971_591656700897950_2048073666_n_591656700897950.jpg",
      "creation_timestamp": 1382181478,
      "media_metadata": {
        "photo_metadata": {
          "upload_ip": "193.242.147.161"
        }
      },
      "title": "Obrazki z jury"
    },
    {
      "uri": "photos_and_videos/Obrazkizjury_Rngyf-RXJQ/1399795_591656720897948_1503676151_o_591656720897948.jpg",
      "creation_timestamp": 1382181482,
      "media_metadata": {
        "photo_metadata": {
          "upload_ip": "193.242.147.161"
        }
      },
      "title": "Obrazki z jury"
    },
    {
      "uri": "photos_and_videos/Obrazkizjury_Rngyf-RXJQ/1404624_591656727564614_1351626547_o_591656727564614.jpg",
      "creation_timestamp": 1382181482,
      "media_metadata": {
        "photo_metadata": {
          "upload_ip": "193.242.147.161"
        }
      },
      "title": "Obrazki z jury"
    },
    {
      "uri": "photos_and_videos/Obrazkizjury_Rngyf-RXJQ/1174690_591656940897926_823462512_n_591656940897926.jpg",
      "creation_timestamp": 1382181524,
      "media_metadata": {
        "photo_metadata": {
          "upload_ip": "193.242.147.161"
        }
      },
      "title": "Obrazki z jury"
    },
    {
      "uri": "photos_and_videos/Obrazkizjury_Rngyf-RXJQ/1385384_591656944231259_1204136438_n_591656944231259.jpg",
      "creation_timestamp": 1382181524,
      "media_metadata": {
        "photo_metadata": {
          "upload_ip": "193.242.147.161"
        }
      },
      "title": "Obrazki z jury"
    },
    {
      "uri": "photos_and_videos/Obrazkizjury_Rngyf-RXJQ/1377992_591656970897923_1438357133_n_591656970897923.jpg",
      "creation_timestamp": 1382181526,
      "media_metadata": {
        "photo_metadata": {
          "upload_ip": "193.242.147.161"
        }
      },
      "title": "Obrazki z jury"
    },
    {
      "uri": "photos_and_videos/Obrazkizjury_Rngyf-RXJQ/906136_591656987564588_1473008596_o_591656987564588.jpg",
      "creation_timestamp": 1382181528,
      "media_metadata": {
        "photo_metadata": {
          "upload_ip": "193.242.147.161"
        }
      },
      "title": "Obrazki z jury"
    }
  ],
  "cover_photo": {
    "uri": "photos_and_videos/Obrazkizjury_Rngyf-RXJQ/901342_591656617564625_1026984310_o_591656617564625.jpg",
    "creation_timestamp": 1382181473,
    "media_metadata": {
      "photo_metadata": {
        "upload_ip": "193.242.147.161"
      }
    },
    "title": "Obrazki z jury"
  },
  "last_modified_timestamp": 1382181550,
  "comments": [
    
  ],
  "description": "wi\u00c4\u0099kszo\u00c5\u009b\u00c4\u0087 Buriana"
}