{
  "name": "Obrazki z triasu",
  "photos": [
    {
      "uri": "photos_and_videos/Obrazkiztriasu_3f6jIXyqSw/1186348_578142788916008_1924140279_n_578142788916008.jpg",
      "creation_timestamp": 1379874928,
      "media_metadata": {
        "photo_metadata": {
          "upload_ip": "193.242.147.161"
        }
      },
      "title": "Obrazki z triasu"
    },
    {
      "uri": "photos_and_videos/Obrazkiztriasu_3f6jIXyqSw/994353_578142795582674_1421632341_n_578142795582674.jpg",
      "creation_timestamp": 1379874928,
      "media_metadata": {
        "photo_metadata": {
          "upload_ip": "193.242.147.161"
        }
      },
      "title": "Obrazki z triasu"
    },
    {
      "uri": "photos_and_videos/Obrazkiztriasu_3f6jIXyqSw/1239757_578142798916007_1929233206_n_578142798916007.jpg",
      "creation_timestamp": 1379874928,
      "media_metadata": {
        "photo_metadata": {
          "upload_ip": "193.242.147.161"
        }
      },
      "title": "Obrazki z triasu"
    },
    {
      "uri": "photos_and_videos/Obrazkiztriasu_3f6jIXyqSw/559390_578142815582672_1623872951_n_578142815582672.jpg",
      "creation_timestamp": 1379874929,
      "media_metadata": {
        "photo_metadata": {
          "upload_ip": "193.242.147.161"
        }
      },
      "title": "Obrazki z triasu"
    },
    {
      "uri": "photos_and_videos/Obrazkiztriasu_3f6jIXyqSw/529433_578142842249336_1501133085_n_578142842249336.jpg",
      "creation_timestamp": 1379874930,
      "media_metadata": {
        "photo_metadata": {
          "upload_ip": "193.242.147.161"
        }
      },
      "title": "Obrazki z triasu"
    },
    {
      "uri": "photos_and_videos/Obrazkiztriasu_3f6jIXyqSw/11507_578142848916002_1585806111_n_578142848916002.jpg",
      "creation_timestamp": 1379874930,
      "media_metadata": {
        "photo_metadata": {
          "upload_ip": "193.242.147.161"
        }
      },
      "title": "Obrazki z triasu"
    },
    {
      "uri": "photos_and_videos/Obrazkiztriasu_3f6jIXyqSw/601560_578142885582665_1650241056_n_578142885582665.jpg",
      "creation_timestamp": 1379874933,
      "media_metadata": {
        "photo_metadata": {
          "upload_ip": "193.242.147.161"
        }
      },
      "title": "Obrazki z triasu"
    },
    {
      "uri": "photos_and_videos/Obrazkiztriasu_3f6jIXyqSw/1374294_578142888915998_1212103484_n_578142888915998.jpg",
      "creation_timestamp": 1379874934,
      "media_metadata": {
        "photo_metadata": {
          "upload_ip": "193.242.147.161"
        }
      },
      "title": "Obrazki z triasu"
    },
    {
      "uri": "photos_and_videos/Obrazkiztriasu_3f6jIXyqSw/1266449_578142915582662_901629500_o_578142915582662.jpg",
      "creation_timestamp": 1379874935,
      "media_metadata": {
        "photo_metadata": {
          "upload_ip": "193.242.147.161"
        }
      },
      "title": "Obrazki z triasu"
    },
    {
      "uri": "photos_and_videos/Obrazkiztriasu_3f6jIXyqSw/1237993_578142935582660_645360326_n_578142935582660.jpg",
      "creation_timestamp": 1379874935,
      "media_metadata": {
        "photo_metadata": {
          "upload_ip": "193.242.147.161"
        }
      },
      "title": "Obrazki z triasu"
    },
    {
      "uri": "photos_and_videos/Obrazkiztriasu_3f6jIXyqSw/1229997_578142945582659_730022783_n_578142945582659.jpg",
      "creation_timestamp": 1379874936,
      "media_metadata": {
        "photo_metadata": {
          "upload_ip": "193.242.147.161"
        }
      },
      "title": "Obrazki z triasu"
    },
    {
      "uri": "photos_and_videos/Obrazkiztriasu_3f6jIXyqSw/1234775_578143002249320_1451614145_n_578143002249320.jpg",
      "creation_timestamp": 1379874939,
      "media_metadata": {
        "photo_metadata": {
          "upload_ip": "193.242.147.161"
        }
      },
      "title": "Obrazki z triasu"
    },
    {
      "uri": "photos_and_videos/Obrazkiztriasu_3f6jIXyqSw/1375136_578143015582652_1254783804_n_578143015582652.jpg",
      "creation_timestamp": 1379874939,
      "media_metadata": {
        "photo_metadata": {
          "upload_ip": "193.242.147.161"
        }
      },
      "title": "Obrazki z triasu"
    },
    {
      "uri": "photos_and_videos/Obrazkiztriasu_3f6jIXyqSw/1236867_578143018915985_1562431398_n_578143018915985.jpg",
      "creation_timestamp": 1379874939,
      "media_metadata": {
        "photo_metadata": {
          "upload_ip": "193.242.147.161"
        }
      },
      "title": "Obrazki z triasu"
    },
    {
      "uri": "photos_and_videos/Obrazkiztriasu_3f6jIXyqSw/1235911_578143058915981_90022103_n_578143058915981.jpg",
      "creation_timestamp": 1379874942,
      "media_metadata": {
        "photo_metadata": {
          "upload_ip": "193.242.147.161"
        }
      },
      "title": "Obrazki z triasu"
    },
    {
      "uri": "photos_and_videos/Obrazkiztriasu_3f6jIXyqSw/1374129_578143088915978_2122098066_n_578143088915978.jpg",
      "creation_timestamp": 1379874946,
      "media_metadata": {
        "photo_metadata": {
          "upload_ip": "193.242.147.161"
        }
      },
      "title": "Obrazki z triasu"
    },
    {
      "uri": "photos_and_videos/Obrazkiztriasu_3f6jIXyqSw/574584_578143095582644_2083584032_n_578143095582644.jpg",
      "creation_timestamp": 1379874945,
      "media_metadata": {
        "photo_metadata": {
          "upload_ip": "193.242.147.161"
        }
      },
      "title": "Obrazki z triasu"
    },
    {
      "uri": "photos_and_videos/Obrazkiztriasu_3f6jIXyqSw/1276988_578143122249308_1994631391_o_578143122249308.jpg",
      "creation_timestamp": 1379874949,
      "media_metadata": {
        "photo_metadata": {
          "upload_ip": "193.242.147.161"
        }
      },
      "title": "Obrazki z triasu"
    },
    {
      "uri": "photos_and_videos/Obrazkiztriasu_3f6jIXyqSw/59688_578143125582641_2147396165_n_578143125582641.jpg",
      "creation_timestamp": 1379874948,
      "media_metadata": {
        "photo_metadata": {
          "upload_ip": "193.242.147.161"
        }
      },
      "title": "Obrazki z triasu"
    },
    {
      "uri": "photos_and_videos/Obrazkiztriasu_3f6jIXyqSw/553056_578143685582585_1209447388_n_578143685582585.jpg",
      "creation_timestamp": 1379875029,
      "media_metadata": {
        "photo_metadata": {
          "upload_ip": "193.242.147.161"
        }
      },
      "title": "Obrazki z triasu",
      "description": "Alegoria triasu jako areny walki o dominacj\u00c4\u0099 mi\u00c4\u0099dzy gadami ssakokszta\u00c5\u0082tnymi a dinozaurami i ich archozaurowymi kuzynami."
    }
  ],
  "cover_photo": {
    "uri": "photos_and_videos/Obrazkiztriasu_3f6jIXyqSw/1374129_578143088915978_2122098066_n_578143088915978.jpg",
    "creation_timestamp": 1379874946,
    "media_metadata": {
      "photo_metadata": {
        "upload_ip": "193.242.147.161"
      }
    },
    "title": "Obrazki z triasu"
  },
  "last_modified_timestamp": 1379875029,
  "comments": [
    {
      "timestamp": 1379884304,
      "comment": "I jeszcze wi\u00c4\u0099cej obrazk\u00c3\u00b3w: http://www.arcadiastreet.com/cgvistas/earth/index.htm#Mesozoic_Earth",
      "author": "Wojciech T. Borkowski"
    },
    {
      "timestamp": 1380036852,
      "comment": "Ci to mieli ogony! teraz tylko waranom takie zosta\u00c5\u0082y...",
      "author": "Aleksandra Ma\u00c5\u0082gorzata Koz\u00c5\u0082owska"
    }
  ],
  "description": "z r\u00c3\u00b3\u00c5\u00bcnych \u00c5\u00bar\u00c3\u00b3de\u00c5\u0082 internetowych"
}