{
  "name": "Ordowik",
  "photos": [
    {
      "uri": "photos_and_videos/Ordowik_OBRj4Qbzww/312206_523294734400814_1166987023_n_523294734400814.jpg",
      "creation_timestamp": 1369411592,
      "media_metadata": {
        "photo_metadata": {
          "upload_ip": "131.91.4.12"
        }
      },
      "title": "Ordowik",
      "description": "Ordowik morze"
    },
    {
      "uri": "photos_and_videos/Ordowik_OBRj4Qbzww/481399_523294737734147_389547355_n_523294737734147.jpg",
      "creation_timestamp": 1369411593,
      "media_metadata": {
        "photo_metadata": {
          "upload_ip": "131.91.4.12"
        }
      },
      "title": "Ordowik",
      "description": "Ordowik morze"
    },
    {
      "uri": "photos_and_videos/Ordowik_OBRj4Qbzww/431049_523294741067480_1740716758_n_523294741067480.jpg",
      "creation_timestamp": 1369411592,
      "media_metadata": {
        "photo_metadata": {
          "upload_ip": "131.91.4.12"
        }
      },
      "title": "Ordowik",
      "description": "Graptolit"
    },
    {
      "uri": "photos_and_videos/Ordowik_OBRj4Qbzww/970368_523294767734144_1025447767_n_523294767734144.jpg",
      "creation_timestamp": 1369411593,
      "media_metadata": {
        "photo_metadata": {
          "upload_ip": "131.91.4.12"
        }
      },
      "title": "Ordowik",
      "description": "Ordowik l\u00c4\u0085d - hipotetycznie"
    }
  ],
  "cover_photo": {
    "uri": "photos_and_videos/Ordowik_OBRj4Qbzww/312206_523294734400814_1166987023_n_523294734400814.jpg",
    "creation_timestamp": 1369411592,
    "media_metadata": {
      "photo_metadata": {
        "upload_ip": "131.91.4.12"
      }
    },
    "title": "Ordowik",
    "description": "Ordowik morze"
  },
  "last_modified_timestamp": 1369411673,
  "comments": [
    
  ],
  "description": "Obrazki ordowiku zebrane z internetu"
}