{
  "name": "Paleocen",
  "photos": [
    {
      "uri": "photos_and_videos/Paleocen_EPHks_QRtA/1470353_615288965201390_1409059603_n_615288965201390.jpg",
      "creation_timestamp": 1386273125,
      "media_metadata": {
        "photo_metadata": {
          "upload_ip": "193.242.147.161"
        }
      },
      "title": "Paleocen"
    },
    {
      "uri": "photos_and_videos/Paleocen_EPHks_QRtA/969302_615288975201389_1927255652_n_615288975201389.jpg",
      "creation_timestamp": 1386273126,
      "media_metadata": {
        "photo_metadata": {
          "upload_ip": "193.242.147.161"
        }
      },
      "title": "Paleocen"
    },
    {
      "uri": "photos_and_videos/Paleocen_EPHks_QRtA/1452575_615288978534722_1051544347_n_615288978534722.jpg",
      "creation_timestamp": 1386273126,
      "media_metadata": {
        "photo_metadata": {
          "upload_ip": "193.242.147.161"
        }
      },
      "title": "Paleocen"
    },
    {
      "uri": "photos_and_videos/Paleocen_EPHks_QRtA/1458533_615289008534719_482829246_n_615289008534719.jpg",
      "creation_timestamp": 1386273129,
      "media_metadata": {
        "photo_metadata": {
          "upload_ip": "193.242.147.161"
        }
      },
      "title": "Paleocen"
    },
    {
      "uri": "photos_and_videos/Paleocen_EPHks_QRtA/988375_615289015201385_2099833233_n_615289015201385.jpg",
      "creation_timestamp": 1386273130,
      "media_metadata": {
        "photo_metadata": {
          "upload_ip": "193.242.147.161"
        }
      },
      "title": "Paleocen"
    },
    {
      "uri": "photos_and_videos/Paleocen_EPHks_QRtA/1471195_615289018534718_1572693263_n_615289018534718.jpg",
      "creation_timestamp": 1386273131,
      "media_metadata": {
        "photo_metadata": {
          "upload_ip": "193.242.147.161"
        }
      },
      "title": "Paleocen"
    },
    {
      "uri": "photos_and_videos/Paleocen_EPHks_QRtA/994086_615289038534716_2037928759_n_615289038534716.jpg",
      "creation_timestamp": 1386273132,
      "media_metadata": {
        "photo_metadata": {
          "upload_ip": "193.242.147.161"
        }
      },
      "title": "Paleocen"
    },
    {
      "uri": "photos_and_videos/Paleocen_EPHks_QRtA/1466171_615289691867984_1557858983_n_615289691867984.jpg",
      "creation_timestamp": 1386273252,
      "media_metadata": {
        "photo_metadata": {
          "upload_ip": "193.242.147.161"
        }
      },
      "title": "Paleocen",
      "description": "Mat Brown"
    }
  ],
  "cover_photo": {
    "uri": "photos_and_videos/Paleocen_EPHks_QRtA/1458533_615289008534719_482829246_n_615289008534719.jpg",
    "creation_timestamp": 1386273129,
    "media_metadata": {
      "photo_metadata": {
        "upload_ip": "193.242.147.161"
      }
    },
    "title": "Paleocen"
  },
  "last_modified_timestamp": 1386512252,
  "comments": [
    
  ],
  "description": "Troch\u00c4\u0099 sp\u00c3\u00b3\u00c5\u00baniony :-)"
}