{
  "name": "Permian",
  "photos": [
    {
      "uri": "photos_and_videos/Permian_ZGMwBJZb4g/1185328_569080059822281_2049335517_n_569080059822281.jpg",
      "creation_timestamp": 1378240652,
      "media_metadata": {
        "photo_metadata": {
          "upload_ip": "193.242.147.161"
        }
      },
      "title": "Permian"
    },
    {
      "uri": "photos_and_videos/Permian_ZGMwBJZb4g/1266931_569080063155614_423547839_o_569080063155614.jpg",
      "creation_timestamp": 1378240653,
      "media_metadata": {
        "photo_metadata": {
          "upload_ip": "193.242.147.161"
        }
      },
      "title": "Permian"
    },
    {
      "uri": "photos_and_videos/Permian_ZGMwBJZb4g/1002527_569080079822279_470376647_n_569080079822279.jpg",
      "creation_timestamp": 1378240653,
      "media_metadata": {
        "photo_metadata": {
          "upload_ip": "193.242.147.161"
        }
      },
      "title": "Permian"
    },
    {
      "uri": "photos_and_videos/Permian_ZGMwBJZb4g/1262850_569080096488944_164197897_o_569080096488944.jpg",
      "creation_timestamp": 1378240655,
      "media_metadata": {
        "photo_metadata": {
          "upload_ip": "193.242.147.161"
        }
      },
      "title": "Permian"
    },
    {
      "uri": "photos_and_videos/Permian_ZGMwBJZb4g/1236264_569080116488942_873343971_n_569080116488942.jpg",
      "creation_timestamp": 1378240656,
      "media_metadata": {
        "photo_metadata": {
          "upload_ip": "193.242.147.161"
        }
      },
      "title": "Permian"
    },
    {
      "uri": "photos_and_videos/Permian_ZGMwBJZb4g/1237664_569080146488939_707765879_n_569080146488939.jpg",
      "creation_timestamp": 1378240659,
      "media_metadata": {
        "photo_metadata": {
          "upload_ip": "193.242.147.161"
        }
      },
      "title": "Permian"
    },
    {
      "uri": "photos_and_videos/Permian_ZGMwBJZb4g/1262932_569080156488938_1227237388_o_569080156488938.jpg",
      "creation_timestamp": 1378240661,
      "media_metadata": {
        "photo_metadata": {
          "upload_ip": "193.242.147.161"
        }
      },
      "title": "Permian"
    },
    {
      "uri": "photos_and_videos/Permian_ZGMwBJZb4g/998802_569080176488936_378059765_n_569080176488936.jpg",
      "creation_timestamp": 1378240661,
      "media_metadata": {
        "photo_metadata": {
          "upload_ip": "193.242.147.161"
        }
      },
      "title": "Permian"
    },
    {
      "uri": "photos_and_videos/Permian_ZGMwBJZb4g/1229909_569080193155601_1613317089_n_569080193155601.jpg",
      "creation_timestamp": 1378240663,
      "media_metadata": {
        "photo_metadata": {
          "upload_ip": "193.242.147.161"
        }
      },
      "title": "Permian"
    },
    {
      "uri": "photos_and_videos/Permian_ZGMwBJZb4g/1264668_569080209822266_1832416583_o_569080209822266.jpg",
      "creation_timestamp": 1378240667,
      "media_metadata": {
        "photo_metadata": {
          "upload_ip": "193.242.147.161"
        }
      },
      "title": "Permian"
    },
    {
      "uri": "photos_and_videos/Permian_ZGMwBJZb4g/543446_569080233155597_1068012273_n_569080233155597.jpg",
      "creation_timestamp": 1378240666,
      "media_metadata": {
        "photo_metadata": {
          "upload_ip": "193.242.147.161"
        }
      },
      "title": "Permian"
    },
    {
      "uri": "photos_and_videos/Permian_ZGMwBJZb4g/470643_569080259822261_1197779771_o_569080259822261.jpg",
      "creation_timestamp": 1378240668,
      "media_metadata": {
        "photo_metadata": {
          "upload_ip": "193.242.147.161"
        }
      },
      "title": "Permian"
    },
    {
      "uri": "photos_and_videos/Permian_ZGMwBJZb4g/1009858_569080333155587_422109381_n_569080333155587.jpg",
      "creation_timestamp": 1378240668,
      "media_metadata": {
        "photo_metadata": {
          "upload_ip": "193.242.147.161"
        }
      },
      "title": "Permian"
    },
    {
      "uri": "photos_and_videos/Permian_ZGMwBJZb4g/9903_569080353155585_788036018_n_569080353155585.jpg",
      "creation_timestamp": 1378240669,
      "media_metadata": {
        "photo_metadata": {
          "upload_ip": "193.242.147.161"
        }
      },
      "title": "Permian"
    },
    {
      "uri": "photos_and_videos/Permian_ZGMwBJZb4g/1231688_578382455558708_184351465_n_578382455558708.jpg",
      "creation_timestamp": 1379916374,
      "media_metadata": {
        "photo_metadata": {
          "upload_ip": "193.242.147.161"
        }
      },
      "title": "Permian"
    }
  ],
  "cover_photo": {
    "uri": "photos_and_videos/Permian_ZGMwBJZb4g/470643_569080259822261_1197779771_o_569080259822261.jpg",
    "creation_timestamp": 1378240668,
    "media_metadata": {
      "photo_metadata": {
        "upload_ip": "193.242.147.161"
      }
    },
    "title": "Permian"
  },
  "last_modified_timestamp": 1379916476,
  "comments": [
    
  ],
  "description": ""
}