{
  "name": "Permian mammal-like reptiles",
  "photos": [
    {
      "uri": "photos_and_videos/Permianmammallikereptiles_hdLt_Gppqg/534246_556509764412644_1704957149_n_556509764412644.jpg",
      "creation_timestamp": 1375780130,
      "media_metadata": {
        "photo_metadata": {
          "upload_ip": "78.131.235.82"
        }
      },
      "title": "Permian mammal-like reptiles",
      "description": "Dimetrodon - simple"
    },
    {
      "uri": "photos_and_videos/Permianmammallikereptiles_hdLt_Gppqg/1005780_556509767745977_1083155615_n_556509767745977.jpg",
      "creation_timestamp": 1375780130,
      "media_metadata": {
        "photo_metadata": {
          "upload_ip": "78.131.235.82"
        }
      },
      "title": "Permian mammal-like reptiles",
      "description": "Dimetrodon - succesfull"
    },
    {
      "uri": "photos_and_videos/Permianmammallikereptiles_hdLt_Gppqg/1098293_556509777745976_432449032_n_556509777745976.jpg",
      "creation_timestamp": 1375780130,
      "media_metadata": {
        "photo_metadata": {
          "upload_ip": "78.131.235.82"
        }
      },
      "comments": [
        {
          "timestamp": 1375780708,
          "comment": "http://en.m.wikipedia.org/wiki/File:Sauroctonus.jpg",
          "author": "Timeline Of The Planet Earth - Kalendarz Dziej\u00c3\u00b3w Planety Ziemia"
        }
      ],
      "title": "Permian mammal-like reptiles",
      "description": "Sauroctonus"
    },
    {
      "uri": "photos_and_videos/Permianmammallikereptiles_hdLt_Gppqg/553103_556509807745973_1743604842_n_556509807745973.jpg",
      "creation_timestamp": 1375780132,
      "media_metadata": {
        "photo_metadata": {
          "upload_ip": "78.131.235.82"
        }
      },
      "title": "Permian mammal-like reptiles",
      "description": "Edaphozaurus"
    },
    {
      "uri": "photos_and_videos/Permianmammallikereptiles_hdLt_Gppqg/64714_556509814412639_1852669765_n_556509814412639.jpg",
      "creation_timestamp": 1375780133,
      "media_metadata": {
        "photo_metadata": {
          "upload_ip": "78.131.235.82"
        }
      },
      "title": "Permian mammal-like reptiles",
      "description": "Lycaenops"
    },
    {
      "uri": "photos_and_videos/Permianmammallikereptiles_hdLt_Gppqg/1003168_556509817745972_1274259241_n_556509817745972.jpg",
      "creation_timestamp": 1375780133,
      "media_metadata": {
        "photo_metadata": {
          "upload_ip": "78.131.235.82"
        }
      },
      "title": "Permian mammal-like reptiles",
      "description": "Dimetrodon - better"
    },
    {
      "uri": "photos_and_videos/Permianmammallikereptiles_hdLt_Gppqg/1014192_556509844412636_437203388_n_556509844412636.jpg",
      "creation_timestamp": 1375780134,
      "media_metadata": {
        "photo_metadata": {
          "upload_ip": "78.131.235.82"
        }
      },
      "comments": [
        {
          "timestamp": 1375780661,
          "comment": "http://palaeos.com/vertebrates/synapsida/synapsida.html",
          "author": "Timeline Of The Planet Earth - Kalendarz Dziej\u00c3\u00b3w Planety Ziemia"
        }
      ],
      "title": "Permian mammal-like reptiles",
      "description": "Sinapsid evolution"
    }
  ],
  "cover_photo": {
    "uri": "photos_and_videos/Permianmammallikereptiles_hdLt_Gppqg/1014192_556509844412636_437203388_n_556509844412636.jpg",
    "creation_timestamp": 1375780134,
    "media_metadata": {
      "photo_metadata": {
        "upload_ip": "78.131.235.82"
      }
    },
    "comments": [
      {
        "timestamp": 1375780661,
        "comment": "http://palaeos.com/vertebrates/synapsida/synapsida.html",
        "author": "Timeline Of The Planet Earth - Kalendarz Dziej\u00c3\u00b3w Planety Ziemia"
      }
    ],
    "title": "Permian mammal-like reptiles",
    "description": "Sinapsid evolution"
  },
  "last_modified_timestamp": 1375780377,
  "comments": [
    
  ],
  "description": "Mostly from http://www.uky.edu/KGS/education/Imgpermian.htm"
}