{
  "name": "Plataleorhynchus",
  "photos": [
    {
      "uri": "photos_and_videos/Plataleorhynchus_eAuAei8jAw/1382402_591629360900684_1147442743_n_591629360900684.jpg",
      "creation_timestamp": 1382174760,
      "media_metadata": {
        "photo_metadata": {
          "upload_ip": "193.242.147.161"
        }
      },
      "comments": [
        {
          "timestamp": 1382174828,
          "comment": "http://en.wikipedia.org/wiki/Plataleorhynchus",
          "author": "Timeline Of The Planet Earth - Kalendarz Dziej\u00c3\u00b3w Planety Ziemia"
        },
        {
          "timestamp": 1382174865,
          "comment": "http://www.paleopeter.co.uk/gallery_pt.html",
          "author": "Timeline Of The Planet Earth - Kalendarz Dziej\u00c3\u00b3w Planety Ziemia"
        }
      ],
      "title": "Plataleorhynchus"
    }
  ],
  "cover_photo": {
    "uri": "photos_and_videos/Plataleorhynchus_eAuAei8jAw/1382402_591629360900684_1147442743_n_591629360900684.jpg",
    "creation_timestamp": 1382174760,
    "media_metadata": {
      "photo_metadata": {
        "upload_ip": "193.242.147.161"
      }
    },
    "comments": [
      {
        "timestamp": 1382174828,
        "comment": "http://en.wikipedia.org/wiki/Plataleorhynchus",
        "author": "Timeline Of The Planet Earth - Kalendarz Dziej\u00c3\u00b3w Planety Ziemia"
      },
      {
        "timestamp": 1382174865,
        "comment": "http://www.paleopeter.co.uk/gallery_pt.html",
        "author": "Timeline Of The Planet Earth - Kalendarz Dziej\u00c3\u00b3w Planety Ziemia"
      }
    ],
    "title": "Plataleorhynchus"
  },
  "last_modified_timestamp": 1382176679,
  "comments": [
    
  ],
  "description": "http://www.paleopeter.co.uk/gallery_pt.html"
}