{
  "name": "Pleistocene",
  "photos": [
    {
      "uri": "photos_and_videos/Pleistocene_9uGvmHQUvg/1545669_628108697252750_1117888601_n_628108697252750.jpg",
      "creation_timestamp": 1388584591,
      "media_metadata": {
        "photo_metadata": {
          "upload_ip": "193.242.147.161"
        }
      },
      "title": "Pleistocene",
      "description": "Burian"
    },
    {
      "uri": "photos_and_videos/Pleistocene_9uGvmHQUvg/1521807_628108707252749_1616182014_n_628108707252749.jpg",
      "creation_timestamp": 1388584592,
      "media_metadata": {
        "photo_metadata": {
          "upload_ip": "193.242.147.161"
        }
      },
      "title": "Pleistocene",
      "description": "Burian"
    },
    {
      "uri": "photos_and_videos/Pleistocene_9uGvmHQUvg/1492466_628108720586081_631325399_o_628108720586081.jpg",
      "creation_timestamp": 1388584593,
      "media_metadata": {
        "photo_metadata": {
          "upload_ip": "193.242.147.161"
        }
      },
      "title": "Pleistocene",
      "description": "Burian"
    },
    {
      "uri": "photos_and_videos/Pleistocene_9uGvmHQUvg/1554590_628108753919411_626937434_n_628108753919411.jpg",
      "creation_timestamp": 1388584598,
      "media_metadata": {
        "photo_metadata": {
          "upload_ip": "193.242.147.161"
        }
      },
      "title": "Pleistocene",
      "description": "Burian"
    },
    {
      "uri": "photos_and_videos/Pleistocene_9uGvmHQUvg/1502298_628108770586076_1811715426_o_628108770586076.jpg",
      "creation_timestamp": 1388584599,
      "media_metadata": {
        "photo_metadata": {
          "upload_ip": "193.242.147.161"
        }
      },
      "title": "Pleistocene",
      "description": "Burian"
    },
    {
      "uri": "photos_and_videos/Pleistocene_9uGvmHQUvg/1558441_628108780586075_1231002946_n_628108780586075.jpg",
      "creation_timestamp": 1388584599,
      "media_metadata": {
        "photo_metadata": {
          "upload_ip": "193.242.147.161"
        }
      },
      "title": "Pleistocene"
    },
    {
      "uri": "photos_and_videos/Pleistocene_9uGvmHQUvg/1239734_628108797252740_1167100140_n_628108797252740.jpg",
      "creation_timestamp": 1388584601,
      "media_metadata": {
        "photo_metadata": {
          "upload_ip": "193.242.147.161"
        }
      },
      "title": "Pleistocene"
    },
    {
      "uri": "photos_and_videos/Pleistocene_9uGvmHQUvg/946956_628108830586070_2078506314_n_628108830586070.jpg",
      "creation_timestamp": 1388584603,
      "media_metadata": {
        "photo_metadata": {
          "upload_ip": "193.242.147.161"
        }
      },
      "title": "Pleistocene"
    },
    {
      "uri": "photos_and_videos/Pleistocene_9uGvmHQUvg/1504532_628108847252735_1338172952_n_628108847252735.jpg",
      "creation_timestamp": 1388584604,
      "media_metadata": {
        "photo_metadata": {
          "upload_ip": "193.242.147.161"
        }
      },
      "title": "Pleistocene"
    },
    {
      "uri": "photos_and_videos/Pleistocene_9uGvmHQUvg/1486824_628108853919401_901311868_n_628108853919401.jpg",
      "creation_timestamp": 1388584605,
      "media_metadata": {
        "photo_metadata": {
          "upload_ip": "193.242.147.161"
        }
      },
      "title": "Pleistocene"
    },
    {
      "uri": "photos_and_videos/Pleistocene_9uGvmHQUvg/1560528_628108870586066_208864275_n_628108870586066.jpg",
      "creation_timestamp": 1388584606,
      "media_metadata": {
        "photo_metadata": {
          "upload_ip": "193.242.147.161"
        }
      },
      "title": "Pleistocene",
      "description": "Beringia"
    },
    {
      "uri": "photos_and_videos/Pleistocene_9uGvmHQUvg/1453407_628108897252730_154425922_n_628108897252730.jpg",
      "creation_timestamp": 1388584610,
      "media_metadata": {
        "photo_metadata": {
          "upload_ip": "193.242.147.161"
        }
      },
      "title": "Pleistocene"
    },
    {
      "uri": "photos_and_videos/Pleistocene_9uGvmHQUvg/1487884_628108900586063_1035336724_o_628108900586063.jpg",
      "creation_timestamp": 1388584610,
      "media_metadata": {
        "photo_metadata": {
          "upload_ip": "193.242.147.161"
        }
      },
      "title": "Pleistocene",
      "description": "Australia"
    },
    {
      "uri": "photos_and_videos/Pleistocene_9uGvmHQUvg/1496511_628108917252728_355969072_o_628108917252728.jpg",
      "creation_timestamp": 1388584612,
      "media_metadata": {
        "photo_metadata": {
          "upload_ip": "193.242.147.161"
        }
      },
      "title": "Pleistocene"
    },
    {
      "uri": "photos_and_videos/Pleistocene_9uGvmHQUvg/1510753_628108927252727_319003963_n_628108927252727.jpg",
      "creation_timestamp": 1388584612,
      "media_metadata": {
        "photo_metadata": {
          "upload_ip": "193.242.147.161"
        }
      },
      "title": "Pleistocene"
    },
    {
      "uri": "photos_and_videos/Pleistocene_9uGvmHQUvg/1554596_628108953919391_628813346_n_628108953919391.jpg",
      "creation_timestamp": 1388584614,
      "media_metadata": {
        "photo_metadata": {
          "upload_ip": "193.242.147.161"
        }
      },
      "title": "Pleistocene"
    },
    {
      "uri": "photos_and_videos/Pleistocene_9uGvmHQUvg/1525106_628108967252723_432503039_n_628108967252723.jpg",
      "creation_timestamp": 1388584615,
      "media_metadata": {
        "photo_metadata": {
          "upload_ip": "193.242.147.161"
        }
      },
      "title": "Pleistocene"
    },
    {
      "uri": "photos_and_videos/Pleistocene_9uGvmHQUvg/1483829_628111143919172_892050198_o_628111143919172.jpg",
      "creation_timestamp": 1388584872,
      "media_metadata": {
        "photo_metadata": {
          "upload_ip": "193.242.147.161"
        }
      },
      "title": "Pleistocene",
      "description": "Pleistocene Diorama"
    },
    {
      "uri": "photos_and_videos/Pleistocene_9uGvmHQUvg/1524860_628111147252505_1301716939_n_628111147252505.jpg",
      "creation_timestamp": 1388584873,
      "media_metadata": {
        "photo_metadata": {
          "upload_ip": "193.242.147.161"
        }
      },
      "title": "Pleistocene",
      "description": "Detail of The Age of Mammals mural \u00c3\u0090 Pleistocene Epoch\n\nThe Age of Mammals, a mural by Rudolph F. Zallinger. Copyright \u00c2\u00a9 1966, 1975, 1989, 1991, 2000 Peabody Museum of Natural History, Yale University, New Haven, Connecticut, USA. All rights reserved.\r \u00c2\u00a9 1966, 1975, 1989, 1991, 2000 Yale  Peabody Museum. All rights reserved."
    },
    {
      "uri": "photos_and_videos/Pleistocene_9uGvmHQUvg/1487822_628111173919169_615396016_o_628111173919169.jpg",
      "creation_timestamp": 1388584879,
      "media_metadata": {
        "photo_metadata": {
          "upload_ip": "193.242.147.161"
        }
      },
      "title": "Pleistocene"
    },
    {
      "uri": "photos_and_videos/Pleistocene_9uGvmHQUvg/1545739_628111253919161_1711972419_n_628111253919161.jpg",
      "creation_timestamp": 1388584881,
      "media_metadata": {
        "photo_metadata": {
          "upload_ip": "193.242.147.161"
        }
      },
      "title": "Pleistocene",
      "description": "Matt Brown"
    }
  ],
  "cover_photo": {
    "uri": "photos_and_videos/Pleistocene_9uGvmHQUvg/1502298_628108770586076_1811715426_o_628108770586076.jpg",
    "creation_timestamp": 1388584599,
    "media_metadata": {
      "photo_metadata": {
        "upload_ip": "193.242.147.161"
      }
    },
    "title": "Pleistocene",
    "description": "Burian"
  },
  "last_modified_timestamp": 1388658220,
  "comments": [
    {
      "timestamp": 1389089623,
      "comment": "Ma\u00c5\u0082ych s\u00c5\u0082onik\u00c3\u00b3w z Malty najbardziej mi \u00c5\u00bcal...",
      "author": "Wojciech T. Borkowski"
    },
    {
      "timestamp": 1413501073,
      "comment": "Data jest ju\u00c5\u00bc 1 stycznia. Taki figiel komputerowy. Posty by\u00c5\u0082y dodawane wg czasu Warszawskiego, ale to nie jest naturalny czas baz danych FB.",
      "author": "Timeline Of The Planet Earth - Kalendarz Dziej\u00c3\u00b3w Planety Ziemia"
    },
    {
      "timestamp": 1455206420,
      "comment": "A teraz jest dobrze...",
      "author": "Timeline Of The Planet Earth - Kalendarz Dziej\u00c3\u00b3w Planety Ziemia"
    }
  ],
  "description": "Pleistocen w obrazkach z internetu"
}