{
  "name": "Bryozoans of Missisipian",
  "photos": [
    {
      "uri": "photos_and_videos/BryozoansofMissisipian_3kS8ffKfiA/994527_544663235597297_1132765980_n_544663235597297.jpg",
      "creation_timestamp": 1373481109,
      "media_metadata": {
        "photo_metadata": {
          "upload_ip": "94.254.194.160"
        }
      },
      "title": "Bryozoans of Missisipian"
    },
    {
      "uri": "photos_and_videos/BryozoansofMissisipian_3kS8ffKfiA/992885_544663252263962_1433030284_n_544663252263962.jpg",
      "creation_timestamp": 1373481112,
      "media_metadata": {
        "photo_metadata": {
          "upload_ip": "94.254.194.160"
        }
      },
      "title": "Bryozoans of Missisipian"
    },
    {
      "uri": "photos_and_videos/BryozoansofMissisipian_3kS8ffKfiA/1005731_544663258930628_1962513020_n_544663258930628.jpg",
      "creation_timestamp": 1373481113,
      "media_metadata": {
        "photo_metadata": {
          "upload_ip": "94.254.194.160"
        }
      },
      "title": "Bryozoans of Missisipian"
    }
  ],
  "cover_photo": {
    "uri": "photos_and_videos/BryozoansofMissisipian_3kS8ffKfiA/994527_544663235597297_1132765980_n_544663235597297.jpg",
    "creation_timestamp": 1373481109,
    "media_metadata": {
      "photo_metadata": {
        "upload_ip": "94.254.194.160"
      }
    },
    "title": "Bryozoans of Missisipian"
  },
  "last_modified_timestamp": 1373481144,
  "comments": [
    {
      "timestamp": 1373482151,
      "comment": "http://pl.wikipedia.org/wiki/Bryozoa",
      "author": "Timeline Of The Planet Earth - Kalendarz Dziej\u00c3\u00b3w Planety Ziemia"
    },
    {
      "timestamp": 1373482228,
      "comment": "Kiedy\u00c5\u009b zaliczane do grupy organizm\u00c3\u00b3w obrazowo zwanych \"zwierzokrzewami\" (http://pl.wikipedia.org/wiki/Zwierzokrzewy)",
      "author": "Timeline Of The Planet Earth - Kalendarz Dziej\u00c3\u00b3w Planety Ziemia"
    }
  ],
  "description": "http://www.uky.edu/KGS/education/"
}