{
  "name": "Pliocen na obrazkach z internetu",
  "photos": [
    {
      "uri": "photos_and_videos/Pliocennaobrazkachzinternetu_XgLtaE4SsQ/1557542_626978844032402_679976435_n_626978844032402.jpg",
      "creation_timestamp": 1388405258,
      "media_metadata": {
        "photo_metadata": {
          "upload_ip": "78.131.235.82"
        }
      },
      "title": "Pliocen na obrazkach z internetu",
      "description": "Meanwhile in Africa"
    },
    {
      "uri": "photos_and_videos/Pliocennaobrazkachzinternetu_XgLtaE4SsQ/1536603_626978880699065_1882091678_n_626978880699065.jpg",
      "creation_timestamp": 1388405264,
      "media_metadata": {
        "photo_metadata": {
          "upload_ip": "78.131.235.82"
        }
      },
      "title": "Pliocen na obrazkach z internetu"
    },
    {
      "uri": "photos_and_videos/Pliocennaobrazkachzinternetu_XgLtaE4SsQ/1532151_626978884032398_1927058592_n_626978884032398.jpg",
      "creation_timestamp": 1388405264,
      "media_metadata": {
        "photo_metadata": {
          "upload_ip": "78.131.235.82"
        }
      },
      "title": "Pliocen na obrazkach z internetu",
      "description": "Dinotherium"
    },
    {
      "uri": "photos_and_videos/Pliocennaobrazkachzinternetu_XgLtaE4SsQ/1549274_626978927365727_839486980_n_626978927365727.jpg",
      "creation_timestamp": 1388405266,
      "media_metadata": {
        "photo_metadata": {
          "upload_ip": "78.131.235.82"
        }
      },
      "title": "Pliocen na obrazkach z internetu"
    },
    {
      "uri": "photos_and_videos/Pliocennaobrazkachzinternetu_XgLtaE4SsQ/1488805_626978947365725_1289131712_n_626978947365725.jpg",
      "creation_timestamp": 1388405270,
      "media_metadata": {
        "photo_metadata": {
          "upload_ip": "78.131.235.82"
        }
      },
      "title": "Pliocen na obrazkach z internetu"
    },
    {
      "uri": "photos_and_videos/Pliocennaobrazkachzinternetu_XgLtaE4SsQ/994069_626979124032374_1269169246_n_626979124032374.jpg",
      "creation_timestamp": 1388405298,
      "media_metadata": {
        "photo_metadata": {
          "upload_ip": "78.131.235.82"
        }
      },
      "title": "Pliocen na obrazkach z internetu",
      "description": "Australian megafauna"
    },
    {
      "uri": "photos_and_videos/Pliocennaobrazkachzinternetu_XgLtaE4SsQ/1533874_626979167365703_928544016_n_626979167365703.jpg",
      "creation_timestamp": 1388405301,
      "media_metadata": {
        "photo_metadata": {
          "upload_ip": "78.131.235.82"
        }
      },
      "title": "Pliocen na obrazkach z internetu"
    },
    {
      "uri": "photos_and_videos/Pliocennaobrazkachzinternetu_XgLtaE4SsQ/1499656_626979227365697_45757814_n_626979227365697.jpg",
      "creation_timestamp": 1388405306,
      "media_metadata": {
        "photo_metadata": {
          "upload_ip": "78.131.235.82"
        }
      },
      "title": "Pliocen na obrazkach z internetu"
    },
    {
      "uri": "photos_and_videos/Pliocennaobrazkachzinternetu_XgLtaE4SsQ/1521934_626979250699028_2145497561_n_626979250699028.jpg",
      "creation_timestamp": 1388405311,
      "media_metadata": {
        "photo_metadata": {
          "upload_ip": "78.131.235.82"
        }
      },
      "title": "Pliocen na obrazkach z internetu"
    },
    {
      "uri": "photos_and_videos/Pliocennaobrazkachzinternetu_XgLtaE4SsQ/1546035_626979410699012_1233724848_n_626979410699012.jpg",
      "creation_timestamp": 1388405327,
      "media_metadata": {
        "photo_metadata": {
          "upload_ip": "78.131.235.82"
        }
      },
      "title": "Pliocen na obrazkach z internetu"
    },
    {
      "uri": "photos_and_videos/Pliocennaobrazkachzinternetu_XgLtaE4SsQ/1525260_626979420699011_1659382178_n_626979420699011.jpg",
      "creation_timestamp": 1388405328,
      "media_metadata": {
        "photo_metadata": {
          "upload_ip": "78.131.235.82"
        }
      },
      "title": "Pliocen na obrazkach z internetu",
      "description": "Tertiary flora and fauna\n\nTertiary flora and fauna. Artwork depicting animals and plants from the Tertiary period (65 to 1.8 million years ago). CHRISTIAN JEGOU PUBLIPHOTO DIFFUSION/ SCIENCE PHOTO LIBRARY"
    },
    {
      "uri": "photos_and_videos/Pliocennaobrazkachzinternetu_XgLtaE4SsQ/1520618_626980444032242_894873311_n_626980444032242.jpg",
      "creation_timestamp": 1388405486,
      "media_metadata": {
        "photo_metadata": {
          "upload_ip": "78.131.235.82"
        }
      },
      "title": "Pliocen na obrazkach z internetu",
      "description": "Matt Brown \"Pliocene\""
    }
  ],
  "cover_photo": {
    "uri": "photos_and_videos/Pliocennaobrazkachzinternetu_XgLtaE4SsQ/1546035_626979410699012_1233724848_n_626979410699012.jpg",
    "creation_timestamp": 1388405327,
    "media_metadata": {
      "photo_metadata": {
        "upload_ip": "78.131.235.82"
      }
    },
    "title": "Pliocen na obrazkach z internetu"
  },
  "last_modified_timestamp": 1388405653,
  "comments": [
    
  ],
  "description": ""
}