{
  "name": "Pteranodon",
  "photos": [
    {
      "uri": "photos_and_videos/Pteranodon_8FnSDOv1_w/544184_607301342666819_2009982989_n_607301342666819.jpg",
      "creation_timestamp": 1384860131,
      "media_metadata": {
        "photo_metadata": {
          "upload_ip": "193.242.147.161"
        }
      },
      "title": "Pteranodon",
      "description": "Czasem trzeba odpocz\u00c4\u0085\u00c4\u0087"
    },
    {
      "uri": "photos_and_videos/Pteranodon_8FnSDOv1_w/1471136_607301352666818_1212980638_n_607301352666818.jpg",
      "creation_timestamp": 1384860133,
      "media_metadata": {
        "photo_metadata": {
          "upload_ip": "193.242.147.161"
        }
      },
      "title": "Pteranodon",
      "description": "Z nast\u00c4\u0099pcami"
    },
    {
      "uri": "photos_and_videos/Pteranodon_8FnSDOv1_w/1397136_607301356000151_583077506_o_607301356000151.jpg",
      "creation_timestamp": 1384860134,
      "media_metadata": {
        "photo_metadata": {
          "upload_ip": "193.242.147.161"
        }
      },
      "title": "Pteranodon",
      "description": "Z Buriana"
    },
    {
      "uri": "photos_and_videos/Pteranodon_8FnSDOv1_w/1476676_607301382666815_1734600147_n_607301382666815.jpg",
      "creation_timestamp": 1384860135,
      "media_metadata": {
        "photo_metadata": {
          "upload_ip": "193.242.147.161"
        }
      },
      "title": "Pteranodon",
      "description": "No i gdzie te ryby?"
    },
    {
      "uri": "photos_and_videos/Pteranodon_8FnSDOv1_w/1452361_607301396000147_1051248779_n_607301396000147.jpg",
      "creation_timestamp": 1384860136,
      "media_metadata": {
        "photo_metadata": {
          "upload_ip": "193.242.147.161"
        }
      },
      "title": "Pteranodon",
      "description": "Lataj\u00c4\u0085cy model"
    },
    {
      "uri": "photos_and_videos/Pteranodon_8FnSDOv1_w/544183_607301406000146_1915515044_n_607301406000146.jpg",
      "creation_timestamp": 1384860137,
      "media_metadata": {
        "photo_metadata": {
          "upload_ip": "193.242.147.161"
        }
      },
      "title": "Pteranodon",
      "description": "Patrol"
    },
    {
      "uri": "photos_and_videos/Pteranodon_8FnSDOv1_w/1400190_607301426000144_1301392723_o_607301426000144.jpg",
      "creation_timestamp": 1384860140,
      "media_metadata": {
        "photo_metadata": {
          "upload_ip": "193.242.147.161"
        }
      },
      "title": "Pteranodon",
      "description": "Na szcz\u00c4\u0099\u00c5\u009bcie niemo\u00c5\u00bcliwe..."
    },
    {
      "uri": "photos_and_videos/Pteranodon_8FnSDOv1_w/1424581_607302779333342_408305796_n_607302779333342.jpg",
      "creation_timestamp": 1384860485,
      "media_metadata": {
        "photo_metadata": {
          "upload_ip": "193.242.147.161"
        }
      },
      "title": "Pteranodon",
      "description": "Powr\u00c3\u00b3t"
    },
    {
      "uri": "photos_and_videos/Pteranodon_8FnSDOv1_w/1476632_607302789333341_853663485_n_607302789333341.jpg",
      "creation_timestamp": 1384860486,
      "media_metadata": {
        "photo_metadata": {
          "upload_ip": "193.242.147.161"
        }
      },
      "title": "Pteranodon",
      "description": "Sukces"
    },
    {
      "uri": "photos_and_videos/Pteranodon_8FnSDOv1_w/1441317_607302792666674_565598301_n_607302792666674.jpg",
      "creation_timestamp": 1384860486,
      "media_metadata": {
        "photo_metadata": {
          "upload_ip": "193.242.147.161"
        }
      },
      "title": "Pteranodon",
      "description": "Origami"
    }
  ],
  "cover_photo": {
    "uri": "photos_and_videos/Pteranodon_8FnSDOv1_w/1397136_607301356000151_583077506_o_607301356000151.jpg",
    "creation_timestamp": 1384860134,
    "media_metadata": {
      "photo_metadata": {
        "upload_ip": "193.242.147.161"
      }
    },
    "title": "Pteranodon",
    "description": "Z Buriana"
  },
  "last_modified_timestamp": 1384861443,
  "comments": [
    
  ],
  "description": "https://www.google.pl/search?q=Pteranodon&source=lnms&tbm=isch&sa=X&ei=xEqLUtHjLYjGswaNuYDwBA&ved=0CAkQ_AUoAQ&biw=1920&bih=942"
}