{
  "name": "Rhizodus",
  "photos": [
    {
      "uri": "photos_and_videos/Rhizodus_gIDgPAydoA/156348_548652298531724_270669558_n_548652298531724.jpg",
      "creation_timestamp": 1374236226,
      "media_metadata": {
        "photo_metadata": {
          "upload_ip": "94.254.208.155"
        }
      },
      "title": "Rhizodus"
    },
    {
      "uri": "photos_and_videos/Rhizodus_gIDgPAydoA/1075828_548652328531721_736552490_n_548652328531721.jpg",
      "creation_timestamp": 1374236228,
      "media_metadata": {
        "photo_metadata": {
          "upload_ip": "94.254.208.155"
        }
      },
      "title": "Rhizodus"
    },
    {
      "uri": "photos_and_videos/Rhizodus_gIDgPAydoA/988621_548652351865052_2071877810_n_548652351865052.jpg",
      "creation_timestamp": 1374236229,
      "media_metadata": {
        "photo_metadata": {
          "upload_ip": "94.254.208.155"
        }
      },
      "title": "Rhizodus"
    }
  ],
  "cover_photo": {
    "uri": "photos_and_videos/Rhizodus_gIDgPAydoA/988621_548652351865052_2071877810_n_548652351865052.jpg",
    "creation_timestamp": 1374236229,
    "media_metadata": {
      "photo_metadata": {
        "upload_ip": "94.254.208.155"
      }
    },
    "title": "Rhizodus"
  },
  "last_modified_timestamp": 1374236663,
  "comments": [
    
  ],
  "description": ""
}