{
  "name": "Sylur w internecie",
  "photos": [
    {
      "uri": "photos_and_videos/Sylurwinternecie_e7iW3h13Yw/960278_528926463837641_114557758_n_528926463837641.jpg",
      "creation_timestamp": 1370460576,
      "media_metadata": {
        "photo_metadata": {
          "upload_ip": "193.242.147.161"
        }
      },
      "title": "Sylur w internecie"
    },
    {
      "uri": "photos_and_videos/Sylurwinternecie_e7iW3h13Yw/410_528926470504307_1277641579_n_528926470504307.jpg",
      "creation_timestamp": 1370460577,
      "media_metadata": {
        "photo_metadata": {
          "upload_ip": "193.242.147.161"
        }
      },
      "title": "Sylur w internecie"
    },
    {
      "uri": "photos_and_videos/Sylurwinternecie_e7iW3h13Yw/941305_528926480504306_1149851920_n_528926480504306.jpg",
      "creation_timestamp": 1370460577,
      "media_metadata": {
        "photo_metadata": {
          "upload_ip": "193.242.147.161"
        }
      },
      "title": "Sylur w internecie"
    },
    {
      "uri": "photos_and_videos/Sylurwinternecie_e7iW3h13Yw/601200_528926493837638_1160832068_n_528926493837638.jpg",
      "creation_timestamp": 1370460580,
      "media_metadata": {
        "photo_metadata": {
          "upload_ip": "193.242.147.161"
        }
      },
      "title": "Sylur w internecie"
    },
    {
      "uri": "photos_and_videos/Sylurwinternecie_e7iW3h13Yw/425300_528926513837636_859116388_n_528926513837636.jpg",
      "creation_timestamp": 1370460578,
      "media_metadata": {
        "photo_metadata": {
          "upload_ip": "193.242.147.161"
        }
      },
      "title": "Sylur w internecie"
    },
    {
      "uri": "photos_and_videos/Sylurwinternecie_e7iW3h13Yw/580250_528926537170967_1813971878_n_528926537170967.jpg",
      "creation_timestamp": 1370460579,
      "media_metadata": {
        "photo_metadata": {
          "upload_ip": "193.242.147.161"
        }
      },
      "title": "Sylur w internecie"
    },
    {
      "uri": "photos_and_videos/Sylurwinternecie_e7iW3h13Yw/9790_528926547170966_751990300_n_528926547170966.jpg",
      "creation_timestamp": 1370460580,
      "media_metadata": {
        "photo_metadata": {
          "upload_ip": "193.242.147.161"
        }
      },
      "title": "Sylur w internecie"
    },
    {
      "uri": "photos_and_videos/Sylurwinternecie_e7iW3h13Yw/946551_528926557170965_1548075569_n_528926557170965.jpg",
      "creation_timestamp": 1370460580,
      "media_metadata": {
        "photo_metadata": {
          "upload_ip": "193.242.147.161"
        }
      },
      "title": "Sylur w internecie"
    },
    {
      "uri": "photos_and_videos/Sylurwinternecie_e7iW3h13Yw/931341_528926567170964_1240899270_n_528926567170964.jpg",
      "creation_timestamp": 1370460584,
      "media_metadata": {
        "photo_metadata": {
          "upload_ip": "193.242.147.161"
        }
      },
      "title": "Sylur w internecie"
    }
  ],
  "cover_photo": {
    "uri": "photos_and_videos/Sylurwinternecie_e7iW3h13Yw/410_528926470504307_1277641579_n_528926470504307.jpg",
    "creation_timestamp": 1370460577,
    "media_metadata": {
      "photo_metadata": {
        "upload_ip": "193.242.147.161"
      }
    },
    "title": "Sylur w internecie"
  },
  "last_modified_timestamp": 1370460622,
  "comments": [
    
  ],
  "description": "Wybrane ilustracje z internetu na has\u00c5\u0082o sylur"
}