{
  "name": "Trias dolny i \u00c5\u009brodkowy",
  "photos": [
    {
      "uri": "photos_and_videos/Triasdolnyisrodkowy_uucQ8wjDuQ/1173888_569877759742511_1324339234_n_569877759742511.jpg",
      "creation_timestamp": 1378402035,
      "media_metadata": {
        "photo_metadata": {
          "upload_ip": "193.242.147.161"
        }
      },
      "title": "Trias dolny i \u00c5\u009brodkowy"
    },
    {
      "uri": "photos_and_videos/Triasdolnyisrodkowy_uucQ8wjDuQ/1236536_569877769742510_811652738_n_569877769742510.jpg",
      "creation_timestamp": 1378402035,
      "media_metadata": {
        "photo_metadata": {
          "upload_ip": "193.242.147.161"
        }
      },
      "title": "Trias dolny i \u00c5\u009brodkowy"
    },
    {
      "uri": "photos_and_videos/Triasdolnyisrodkowy_uucQ8wjDuQ/1185220_569877779742509_1443463568_n_569877779742509.jpg",
      "creation_timestamp": 1378402038,
      "media_metadata": {
        "photo_metadata": {
          "upload_ip": "193.242.147.161"
        }
      },
      "title": "Trias dolny i \u00c5\u009brodkowy"
    },
    {
      "uri": "photos_and_videos/Triasdolnyisrodkowy_uucQ8wjDuQ/1167662_569877799742507_1176859495_o_569877799742507.jpg",
      "creation_timestamp": 1378402039,
      "media_metadata": {
        "photo_metadata": {
          "upload_ip": "193.242.147.161"
        }
      },
      "title": "Trias dolny i \u00c5\u009brodkowy"
    },
    {
      "uri": "photos_and_videos/Triasdolnyisrodkowy_uucQ8wjDuQ/1237908_569877803075840_135970404_n_569877803075840.jpg",
      "creation_timestamp": 1378402040,
      "media_metadata": {
        "photo_metadata": {
          "upload_ip": "193.242.147.161"
        }
      },
      "title": "Trias dolny i \u00c5\u009brodkowy"
    },
    {
      "uri": "photos_and_videos/Triasdolnyisrodkowy_uucQ8wjDuQ/727_569877836409170_877970667_n_569877836409170.jpg",
      "creation_timestamp": 1378402041,
      "media_metadata": {
        "photo_metadata": {
          "upload_ip": "193.242.147.161"
        }
      },
      "title": "Trias dolny i \u00c5\u009brodkowy"
    },
    {
      "uri": "photos_and_videos/Triasdolnyisrodkowy_uucQ8wjDuQ/1255201_569877849742502_802000687_n_569877849742502.jpg",
      "creation_timestamp": 1378402043,
      "media_metadata": {
        "photo_metadata": {
          "upload_ip": "193.242.147.161"
        }
      },
      "title": "Trias dolny i \u00c5\u009brodkowy"
    },
    {
      "uri": "photos_and_videos/Triasdolnyisrodkowy_uucQ8wjDuQ/1184772_569877856409168_1267832439_n_569877856409168.jpg",
      "creation_timestamp": 1378402043,
      "media_metadata": {
        "photo_metadata": {
          "upload_ip": "193.242.147.161"
        }
      },
      "title": "Trias dolny i \u00c5\u009brodkowy"
    },
    {
      "uri": "photos_and_videos/Triasdolnyisrodkowy_uucQ8wjDuQ/1239783_569877873075833_1713426660_n_569877873075833.jpg",
      "creation_timestamp": 1378402043,
      "media_metadata": {
        "photo_metadata": {
          "upload_ip": "193.242.147.161"
        }
      },
      "title": "Trias dolny i \u00c5\u009brodkowy"
    },
    {
      "uri": "photos_and_videos/Triasdolnyisrodkowy_uucQ8wjDuQ/1174856_569877889742498_1990113404_n_569877889742498.jpg",
      "creation_timestamp": 1378402045,
      "media_metadata": {
        "photo_metadata": {
          "upload_ip": "193.242.147.161"
        }
      },
      "title": "Trias dolny i \u00c5\u009brodkowy"
    },
    {
      "uri": "photos_and_videos/Triasdolnyisrodkowy_uucQ8wjDuQ/1208882_569878406409113_577146945_n_569878406409113.jpg",
      "creation_timestamp": 1378402159,
      "media_metadata": {
        "photo_metadata": {
          "upload_ip": "193.242.147.161"
        }
      },
      "title": "Trias dolny i \u00c5\u009brodkowy"
    },
    {
      "uri": "photos_and_videos/Triasdolnyisrodkowy_uucQ8wjDuQ/1236859_569879369742350_1253059776_n_569879369742350.jpg",
      "creation_timestamp": 1378402364,
      "media_metadata": {
        "photo_metadata": {
          "upload_ip": "193.242.147.161"
        }
      },
      "title": "Trias dolny i \u00c5\u009brodkowy",
      "description": "http://matbrown.org/temp/images/02D-14triassic.jpg"
    }
  ],
  "cover_photo": {
    "uri": "photos_and_videos/Triasdolnyisrodkowy_uucQ8wjDuQ/1174856_569877889742498_1990113404_n_569877889742498.jpg",
    "creation_timestamp": 1378402045,
    "media_metadata": {
      "photo_metadata": {
        "upload_ip": "193.242.147.161"
      }
    },
    "title": "Trias dolny i \u00c5\u009brodkowy"
  },
  "last_modified_timestamp": 1379916146,
  "comments": [
    
  ],
  "description": "znalezione przez wujka ;-)"
}