{
  "name": "Wielkor\u00c4\u0099kie \"potwory\"...",
  "photos": [
    {
      "uri": "photos_and_videos/Wielkorekiepotwory_2cnrDE1RvQ/1476533_611516282245325_1449675428_n_611516282245325.png",
      "creation_timestamp": 1385583480,
      "media_metadata": {
        "photo_metadata": {
          "upload_ip": "193.242.147.161"
        }
      },
      "title": "Wielkor\u00c4\u0099kie \"potwory\"...",
      "description": "http://en.wikipedia.org/wiki/Deinocheirus"
    },
    {
      "uri": "photos_and_videos/Wielkorekiepotwory_2cnrDE1RvQ/1379732_611516292245324_847281192_n_611516292245324.png",
      "creation_timestamp": 1385583480,
      "media_metadata": {
        "photo_metadata": {
          "upload_ip": "193.242.147.161"
        }
      },
      "title": "Wielkor\u00c4\u0099kie \"potwory\"...",
      "description": "http://en.wikipedia.org/wiki/Therizinosaurus"
    },
    {
      "uri": "photos_and_videos/Wielkorekiepotwory_2cnrDE1RvQ/1454774_611520142244939_2130907279_n_611520142244939.jpg",
      "creation_timestamp": 1385583930,
      "media_metadata": {
        "photo_metadata": {
          "upload_ip": "193.242.147.161"
        }
      },
      "title": "Wielkor\u00c4\u0099kie \"potwory\"...",
      "description": "Therizinosaurus"
    },
    {
      "uri": "photos_and_videos/Wielkorekiepotwory_2cnrDE1RvQ/1421096_611520158911604_1949951468_o_611520158911604.jpg",
      "creation_timestamp": 1385583932,
      "media_metadata": {
        "photo_metadata": {
          "upload_ip": "193.242.147.161"
        }
      },
      "title": "Wielkor\u00c4\u0099kie \"potwory\"...",
      "description": "Deinocheirus"
    }
  ],
  "cover_photo": {
    "uri": "photos_and_videos/Wielkorekiepotwory_2cnrDE1RvQ/1476533_611516282245325_1449675428_n_611516282245325.png",
    "creation_timestamp": 1385583480,
    "media_metadata": {
      "photo_metadata": {
        "upload_ip": "193.242.147.161"
      }
    },
    "title": "Wielkor\u00c4\u0099kie \"potwory\"...",
    "description": "http://en.wikipedia.org/wiki/Deinocheirus"
  },
  "last_modified_timestamp": 1385583513,
  "comments": [
    
  ],
  "description": ""
}