{
  "name": "Z fauny g\u00c3\u00b3rnego karbonu",
  "photos": [
    {
      "uri": "photos_and_videos/Zfaunygornegokarbonu_5_9NS3vbrQ/992937_551976938199260_597268096_n_551976938199260.jpg",
      "creation_timestamp": 1374864293,
      "media_metadata": {
        "photo_metadata": {
          "upload_ip": "78.131.235.82"
        }
      },
      "title": "Z fauny g\u00c3\u00b3rnego karbonu"
    },
    {
      "uri": "photos_and_videos/Zfaunygornegokarbonu_5_9NS3vbrQ/935109_551976941532593_1329626686_n_551976941532593.jpg",
      "creation_timestamp": 1374864293,
      "media_metadata": {
        "photo_metadata": {
          "upload_ip": "78.131.235.82"
        }
      },
      "title": "Z fauny g\u00c3\u00b3rnego karbonu"
    },
    {
      "uri": "photos_and_videos/Zfaunygornegokarbonu_5_9NS3vbrQ/33969_551976944865926_1915318416_n_551976944865926.jpg",
      "creation_timestamp": 1374864294,
      "media_metadata": {
        "photo_metadata": {
          "upload_ip": "78.131.235.82"
        }
      },
      "title": "Z fauny g\u00c3\u00b3rnego karbonu"
    },
    {
      "uri": "photos_and_videos/Zfaunygornegokarbonu_5_9NS3vbrQ/945755_551976971532590_276225627_n_551976971532590.jpg",
      "creation_timestamp": 1374864296,
      "media_metadata": {
        "photo_metadata": {
          "upload_ip": "78.131.235.82"
        }
      },
      "title": "Z fauny g\u00c3\u00b3rnego karbonu"
    },
    {
      "uri": "photos_and_videos/Zfaunygornegokarbonu_5_9NS3vbrQ/998538_551976981532589_2086942078_n_551976981532589.jpg",
      "creation_timestamp": 1374864295,
      "media_metadata": {
        "photo_metadata": {
          "upload_ip": "78.131.235.82"
        }
      },
      "title": "Z fauny g\u00c3\u00b3rnego karbonu"
    },
    {
      "uri": "photos_and_videos/Zfaunygornegokarbonu_5_9NS3vbrQ/1016835_551977004865920_1597855950_n_551977004865920.jpg",
      "creation_timestamp": 1374864298,
      "media_metadata": {
        "photo_metadata": {
          "upload_ip": "78.131.235.82"
        }
      },
      "title": "Z fauny g\u00c3\u00b3rnego karbonu"
    }
  ],
  "cover_photo": {
    "uri": "photos_and_videos/Zfaunygornegokarbonu_5_9NS3vbrQ/935109_551976941532593_1329626686_n_551976941532593.jpg",
    "creation_timestamp": 1374864293,
    "media_metadata": {
      "photo_metadata": {
        "upload_ip": "78.131.235.82"
      }
    },
    "title": "Z fauny g\u00c3\u00b3rnego karbonu"
  },
  "last_modified_timestamp": 1374864418,
  "comments": [
    
  ],
  "description": ""
}