{
  "name": "Zanim pojawi\u00c5\u0082 si\u00c4\u0099 cz\u00c5\u0082owiek",
  "photos": [
    {
      "uri": "photos_and_videos/Zanimpojawilsieczlowiek_KTqyMI5ZhQ/1458525_611966395533647_1929501164_n_611966395533647.jpg",
      "creation_timestamp": 1385664761,
      "media_metadata": {
        "photo_metadata": {
          "upload_ip": "193.242.147.161"
        }
      },
      "title": "Zanim pojawi\u00c5\u0082 si\u00c4\u0099 cz\u00c5\u0082owiek"
    },
    {
      "uri": "photos_and_videos/Zanimpojawilsieczlowiek_KTqyMI5ZhQ/1426701_611966405533646_538975808_n_611966405533646.jpg",
      "creation_timestamp": 1385664762,
      "media_metadata": {
        "photo_metadata": {
          "upload_ip": "193.242.147.161"
        }
      },
      "title": "Zanim pojawi\u00c5\u0082 si\u00c4\u0099 cz\u00c5\u0082owiek"
    },
    {
      "uri": "photos_and_videos/Zanimpojawilsieczlowiek_KTqyMI5ZhQ/1477536_611966408866979_297310996_n_611966408866979.jpg",
      "creation_timestamp": 1385664762,
      "media_metadata": {
        "photo_metadata": {
          "upload_ip": "193.242.147.161"
        }
      },
      "title": "Zanim pojawi\u00c5\u0082 si\u00c4\u0099 cz\u00c5\u0082owiek"
    },
    {
      "uri": "photos_and_videos/Zanimpojawilsieczlowiek_KTqyMI5ZhQ/564109_611966422200311_1240013722_n_611966422200311.jpg",
      "creation_timestamp": 1385664763,
      "media_metadata": {
        "photo_metadata": {
          "upload_ip": "193.242.147.161"
        }
      },
      "title": "Zanim pojawi\u00c5\u0082 si\u00c4\u0099 cz\u00c5\u0082owiek"
    },
    {
      "uri": "photos_and_videos/Zanimpojawilsieczlowiek_KTqyMI5ZhQ/579193_611966452200308_1033162727_n_611966452200308.jpg",
      "creation_timestamp": 1385664764,
      "media_metadata": {
        "photo_metadata": {
          "upload_ip": "193.242.147.161"
        }
      },
      "title": "Zanim pojawi\u00c5\u0082 si\u00c4\u0099 cz\u00c5\u0082owiek"
    },
    {
      "uri": "photos_and_videos/Zanimpojawilsieczlowiek_KTqyMI5ZhQ/1466103_611966468866973_1866055200_n_611966468866973.jpg",
      "creation_timestamp": 1385664765,
      "media_metadata": {
        "photo_metadata": {
          "upload_ip": "193.242.147.161"
        }
      },
      "title": "Zanim pojawi\u00c5\u0082 si\u00c4\u0099 cz\u00c5\u0082owiek"
    }
  ],
  "cover_photo": {
    "uri": "photos_and_videos/Zanimpojawilsieczlowiek_KTqyMI5ZhQ/1477536_611966408866979_297310996_n_611966408866979.jpg",
    "creation_timestamp": 1385664762,
    "media_metadata": {
      "photo_metadata": {
        "upload_ip": "193.242.147.161"
      }
    },
    "title": "Zanim pojawi\u00c5\u0082 si\u00c4\u0099 cz\u00c5\u0082owiek"
  },
  "last_modified_timestamp": 1385664917,
  "comments": [
    {
      "timestamp": 1385668245,
      "comment": "Dosta\u00c5\u0082em kiedy\u00c5\u009b w prezencie na urodziny - nie pami\u00c4\u0099tam kt\u00c3\u00b3re ale mia\u00c5\u0082em mniej ni\u00c5\u00bc 10 lat na pewno.",
      "author": "Wojciech T. Borkowski"
    }
  ],
  "description": "Life before Man, Tiere der Urzeit, Leben in der Urzeit, Encyclopedie de la prehistoire etc..."
}