{
  "name": "Zdj\u00c4\u0099cia profilowe",
  "photos": [
    {
      "uri": "photos_and_videos/Zdjeciaprofilowe_PDE19WPurw/374273_473759026021052_1305935184_n_473759026021052.jpg",
      "creation_timestamp": 1359666329,
      "media_metadata": {
        "photo_metadata": {
          "upload_ip": "195.226.207.161"
        }
      },
      "title": "Zdj\u00c4\u0099cia profilowe"
    }
  ],
  "cover_photo": {
    "uri": "photos_and_videos/Zdjeciaprofilowe_PDE19WPurw/374273_473759026021052_1305935184_n_473759026021052.jpg",
    "creation_timestamp": 1359666329,
    "media_metadata": {
      "photo_metadata": {
        "upload_ip": "195.226.207.161"
      }
    },
    "title": "Zdj\u00c4\u0099cia profilowe"
  },
  "last_modified_timestamp": 1359666332,
  "comments": [
    
  ],
  "description": ""
}