{
  "name": "Dimetrodon i kuzyni",
  "photos": [
    {
      "uri": "photos_and_videos/Dimetrodonikuzyni__MSADuyhsA/1148820_558029154260705_129078318_n_558029154260705.jpg",
      "creation_timestamp": 1376053297,
      "media_metadata": {
        "photo_metadata": {
          "upload_ip": "78.131.235.82"
        }
      },
      "title": "Dimetrodon i kuzyni",
      "description": "z \"Zanim pojawi\u00c5\u0082 si\u00c4\u0099 cz\u00c5\u0082owiek\""
    },
    {
      "uri": "photos_and_videos/Dimetrodonikuzyni__MSADuyhsA/523482_558029187594035_1874909579_n_558029187594035.png",
      "creation_timestamp": 1376053300,
      "media_metadata": {
        "photo_metadata": {
          "upload_ip": "78.131.235.82"
        }
      },
      "title": "Dimetrodon i kuzyni",
      "description": "Por\u00c3\u00b3wnanie rozmiar\u00c3\u00b3w"
    },
    {
      "uri": "photos_and_videos/Dimetrodonikuzyni__MSADuyhsA/1150340_558029210927366_1828363311_n_558029210927366.jpg",
      "creation_timestamp": 1376053303,
      "media_metadata": {
        "photo_metadata": {
          "upload_ip": "78.131.235.82"
        }
      },
      "title": "Dimetrodon i kuzyni",
      "description": "Schemat"
    },
    {
      "uri": "photos_and_videos/Dimetrodonikuzyni__MSADuyhsA/1147561_558029227594031_500992629_o_558029227594031.jpg",
      "creation_timestamp": 1376053307,
      "media_metadata": {
        "photo_metadata": {
          "upload_ip": "78.131.235.82"
        }
      },
      "title": "Dimetrodon i kuzyni",
      "description": "Szkielet"
    },
    {
      "uri": "photos_and_videos/Dimetrodonikuzyni__MSADuyhsA/1097156_558029264260694_1809431354_o_558029264260694.jpg",
      "creation_timestamp": 1376053314,
      "media_metadata": {
        "photo_metadata": {
          "upload_ip": "78.131.235.82"
        }
      },
      "title": "Dimetrodon i kuzyni",
      "description": "Na polowaniu"
    }
  ],
  "cover_photo": {
    "uri": "photos_and_videos/Dimetrodonikuzyni__MSADuyhsA/1148820_558029154260705_129078318_n_558029154260705.jpg",
    "creation_timestamp": 1376053297,
    "media_metadata": {
      "photo_metadata": {
        "upload_ip": "78.131.235.82"
      }
    },
    "title": "Dimetrodon i kuzyni",
    "description": "z \"Zanim pojawi\u00c5\u0082 si\u00c4\u0099 cz\u00c5\u0082owiek\""
  },
  "last_modified_timestamp": 1376053450,
  "comments": [
    {
      "timestamp": 1376141452,
      "comment": "http://en.wikipedia.org/wiki/Secodontosaurus",
      "author": "Timeline Of The Planet Earth - Kalendarz Dziej\u00c3\u00b3w Planety Ziemia"
    },
    {
      "timestamp": 1376146536,
      "comment": "http://en.wikipedia.org/wiki/Ctenospondylus",
      "author": "Timeline Of The Planet Earth - Kalendarz Dziej\u00c3\u00b3w Planety Ziemia"
    },
    {
      "timestamp": 1376147414,
      "comment": "http://en.wikipedia.org/wiki/Ctenorhachis",
      "author": "Timeline Of The Planet Earth - Kalendarz Dziej\u00c3\u00b3w Planety Ziemia"
    },
    {
      "timestamp": 1378158513,
      "comment": "https://fbcdn-sphotos-d-a.akamaihd.net/hphotos-ak-frc1/1239158_163523070508982_88092804_o.jpg",
      "author": "Timeline Of The Planet Earth - Kalendarz Dziej\u00c3\u00b3w Planety Ziemia"
    }
  ],
  "description": "Tu du\u00c5\u00bco wi\u00c4\u0099cej http://www.tumblr.com/tagged/dimetrodon?language=it_IT"
}