{
  "name": "Zdj\u00c4\u0099cia w tle",
  "photos": [
    {
      "uri": "photos_and_videos/Zdjeciawtle_IZGKZ-PhDg/5846_481520805244874_997808345_n_481520805244874.jpg",
      "creation_timestamp": 1360847080,
      "media_metadata": {
        "photo_metadata": {
          "upload_ip": "193.242.147.161"
        }
      },
      "title": "Zdj\u00c4\u0099cia w tle"
    },
    {
      "uri": "photos_and_videos/Zdjeciawtle_IZGKZ-PhDg/155995_490339481029673_409584501_n_490339481029673.jpg",
      "creation_timestamp": 1362580555,
      "media_metadata": {
        "photo_metadata": {
          "upload_ip": "193.242.147.161"
        }
      },
      "comments": [
        {
          "timestamp": 1362582330,
          "comment": "Ziemia 600 Mln lat temu",
          "author": "Wojciech T. Borkowski"
        },
        {
          "timestamp": 1377114286,
          "comment": "Ediacaran",
          "author": "Onno Werver"
        }
      ],
      "title": "Zdj\u00c4\u0099cia w tle"
    },
    {
      "uri": "photos_and_videos/Zdjeciawtle_IZGKZ-PhDg/886539_503987512998203_1571677868_o_503987512998203.jpg",
      "creation_timestamp": 1365215450,
      "media_metadata": {
        "photo_metadata": {
          "upload_ip": "50.150.244.179"
        }
      },
      "title": "Zdj\u00c4\u0099cia w tle"
    },
    {
      "uri": "photos_and_videos/Zdjeciawtle_IZGKZ-PhDg/905444_514523728611248_2061259537_o_514523728611248.jpg",
      "creation_timestamp": 1367591435,
      "media_metadata": {
        "photo_metadata": {
          "upload_ip": "50.150.244.179"
        }
      },
      "title": "Zdj\u00c4\u0099cia w tle"
    },
    {
      "uri": "photos_and_videos/Zdjeciawtle_IZGKZ-PhDg/468031_523801274350160_1593057713_o_523801274350160.jpg",
      "creation_timestamp": 1369517555,
      "media_metadata": {
        "photo_metadata": {
          "upload_ip": "50.150.244.179"
        }
      },
      "title": "Zdj\u00c4\u0099cia w tle"
    },
    {
      "uri": "photos_and_videos/Zdjeciawtle_IZGKZ-PhDg/977955_530547010342253_785701566_o_530547010342253.jpg",
      "creation_timestamp": 1370778246,
      "media_metadata": {
        "photo_metadata": {
          "upload_ip": "193.242.147.161"
        }
      },
      "comments": [
        {
          "timestamp": 1370779706,
          "comment": "~400Mya. http://cpgeosystems.com/mollglobe.html",
          "author": "Timeline Of The Planet Earth - Kalendarz Dziej\u00c3\u00b3w Planety Ziemia"
        }
      ],
      "title": "Zdj\u00c4\u0099cia w tle"
    },
    {
      "uri": "photos_and_videos/Zdjeciawtle_IZGKZ-PhDg/1025586_536872133043074_2047067656_o_536872133043074.jpg",
      "creation_timestamp": 1371902038,
      "media_metadata": {
        "photo_metadata": {
          "upload_ip": "193.242.147.161"
        }
      },
      "comments": [
        {
          "timestamp": 1371902123,
          "comment": "Ziemia ok 400 milion\u00c3\u00b3w lat temu",
          "author": "Timeline Of The Planet Earth - Kalendarz Dziej\u00c3\u00b3w Planety Ziemia"
        }
      ],
      "title": "Zdj\u00c4\u0099cia w tle"
    },
    {
      "uri": "photos_and_videos/Zdjeciawtle_IZGKZ-PhDg/1013404_539681072762180_173320021_n_539681072762180.jpg",
      "creation_timestamp": 1372449896,
      "media_metadata": {
        "photo_metadata": {
          "upload_ip": "193.242.147.161"
        }
      },
      "comments": [
        {
          "timestamp": 1372450110,
          "comment": "~370Ma",
          "author": "Timeline Of The Planet Earth - Kalendarz Dziej\u00c3\u00b3w Planety Ziemia"
        }
      ],
      "title": "Zdj\u00c4\u0099cia w tle"
    },
    {
      "uri": "photos_and_videos/Zdjeciawtle_IZGKZ-PhDg/1004610_546867815376839_974633855_n_546867815376839.jpg",
      "creation_timestamp": 1373882528,
      "media_metadata": {
        "photo_metadata": {
          "upload_ip": "193.0.101.171"
        }
      },
      "title": "Zdj\u00c4\u0099cia w tle"
    },
    {
      "uri": "photos_and_videos/Zdjeciawtle_IZGKZ-PhDg/1074649_551019958294958_2116651962_o_551019958294958.jpg",
      "creation_timestamp": 1374668725,
      "media_metadata": {
        "photo_metadata": {
          "upload_ip": "78.131.235.82"
        }
      },
      "comments": [
        {
          "timestamp": 1374668780,
          "comment": "~300Mya",
          "author": "Timeline Of The Planet Earth - Kalendarz Dziej\u00c3\u00b3w Planety Ziemia"
        },
        {
          "timestamp": 1377045226,
          "comment": "Grens Karboon - Perm",
          "author": "Onno Werver"
        }
      ],
      "title": "Zdj\u00c4\u0099cia w tle"
    },
    {
      "uri": "photos_and_videos/Zdjeciawtle_IZGKZ-PhDg/551048_563089213754699_888394100_n_563089213754699.jpg",
      "creation_timestamp": 1377076921,
      "media_metadata": {
        "photo_metadata": {
          "upload_ip": "78.131.235.82"
        }
      },
      "comments": [
        {
          "timestamp": 1377086841,
          "comment": "~260Ma (http://www.cpgeosystems.com/mollglobe.html)",
          "author": "Timeline Of The Planet Earth - Kalendarz Dziej\u00c3\u00b3w Planety Ziemia"
        },
        {
          "timestamp": 1377114109,
          "comment": "Boundary Permian - Triassic",
          "author": "Onno Werver"
        }
      ],
      "title": "Zdj\u00c4\u0099cia w tle"
    },
    {
      "uri": "photos_and_videos/Zdjeciawtle_IZGKZ-PhDg/963877_566109606785993_1273447819_o_566109606785993.jpg",
      "creation_timestamp": 1377643213,
      "media_metadata": {
        "photo_metadata": {
          "upload_ip": "94.254.208.133"
        }
      },
      "comments": [
        {
          "timestamp": 1377643265,
          "comment": "~240Mya",
          "author": "Timeline Of The Planet Earth - Kalendarz Dziej\u00c3\u00b3w Planety Ziemia"
        },
        {
          "timestamp": 1377903642,
          "comment": "Midden in de Trias periode; de Muschelkalk transgressie",
          "author": "Onno Werver"
        }
      ],
      "title": "Zdj\u00c4\u0099cia w tle"
    },
    {
      "uri": "photos_and_videos/Zdjeciawtle_IZGKZ-PhDg/1274303_575473052516315_1422718223_o_575473052516315.jpg",
      "creation_timestamp": 1379363776,
      "media_metadata": {
        "photo_metadata": {
          "upload_ip": "193.242.147.161"
        }
      },
      "comments": [
        {
          "timestamp": 1379363802,
          "comment": "~220 Mya",
          "author": "Timeline Of The Planet Earth - Kalendarz Dziej\u00c3\u00b3w Planety Ziemia"
        }
      ],
      "title": "Zdj\u00c4\u0099cia w tle"
    },
    {
      "uri": "photos_and_videos/Zdjeciawtle_IZGKZ-PhDg/919347_581368811926739_1954213960_o_581368811926739.jpg",
      "creation_timestamp": 1380492771,
      "media_metadata": {
        "photo_metadata": {
          "upload_ip": "193.242.147.161"
        }
      },
      "comments": [
        {
          "timestamp": 1380492806,
          "comment": "~200 Mya",
          "author": "Timeline Of The Planet Earth - Kalendarz Dziej\u00c3\u00b3w Planety Ziemia"
        }
      ],
      "title": "Zdj\u00c4\u0099cia w tle"
    },
    {
      "uri": "photos_and_videos/Zdjeciawtle_IZGKZ-PhDg/905220_584692948260992_1254688274_o_584692948260992.jpg",
      "creation_timestamp": 1381048556,
      "media_metadata": {
        "photo_metadata": {
          "upload_ip": "193.242.147.161"
        }
      },
      "comments": [
        {
          "timestamp": 1381048592,
          "comment": "~170 Mya",
          "author": "Timeline Of The Planet Earth - Kalendarz Dziej\u00c3\u00b3w Planety Ziemia"
        }
      ],
      "title": "Zdj\u00c4\u0099cia w tle"
    },
    {
      "uri": "photos_and_videos/Zdjeciawtle_IZGKZ-PhDg/614985_591631957567091_751977275_o_591631957567091.jpg",
      "creation_timestamp": 1382175503,
      "media_metadata": {
        "photo_metadata": {
          "upload_ip": "193.242.147.161"
        }
      },
      "comments": [
        {
          "timestamp": 1382175533,
          "comment": "~150Ma",
          "author": "Timeline Of The Planet Earth - Kalendarz Dziej\u00c3\u00b3w Planety Ziemia"
        }
      ],
      "title": "Zdj\u00c4\u0099cia w tle"
    },
    {
      "uri": "photos_and_videos/Zdjeciawtle_IZGKZ-PhDg/1415347_597262923670661_180378553_o_597262923670661.jpg",
      "creation_timestamp": 1383160614,
      "media_metadata": {
        "photo_metadata": {
          "upload_ip": "193.242.147.161"
        }
      },
      "comments": [
        {
          "timestamp": 1383160644,
          "comment": "~120 Mya",
          "author": "Timeline Of The Planet Earth - Kalendarz Dziej\u00c3\u00b3w Planety Ziemia"
        }
      ],
      "title": "Zdj\u00c4\u0099cia w tle"
    },
    {
      "uri": "photos_and_videos/Zdjeciawtle_IZGKZ-PhDg/1399406_610936775636609_1222184415_o_610936775636609.jpg",
      "creation_timestamp": 1385475752,
      "media_metadata": {
        "photo_metadata": {
          "upload_ip": "193.242.147.161"
        }
      },
      "comments": [
        {
          "timestamp": 1385475796,
          "comment": "~65Mya",
          "author": "Timeline Of The Planet Earth - Kalendarz Dziej\u00c3\u00b3w Planety Ziemia"
        }
      ],
      "title": "Zdj\u00c4\u0099cia w tle"
    },
    {
      "uri": "photos_and_videos/Zdjeciawtle_IZGKZ-PhDg/886131_612442678819352_314574005_o_612442678819352.jpg",
      "creation_timestamp": 1385760944,
      "media_metadata": {
        "photo_metadata": {
          "upload_ip": "193.242.147.161"
        }
      },
      "title": "Zdj\u00c4\u0099cia w tle"
    },
    {
      "uri": "photos_and_videos/Zdjeciawtle_IZGKZ-PhDg/1476060_616562095074077_534006817_n_616562095074077.png",
      "creation_timestamp": 1386510623,
      "media_metadata": {
        "photo_metadata": {
          "upload_ip": "193.242.147.161"
        }
      },
      "title": "Zdj\u00c4\u0099cia w tle"
    },
    {
      "uri": "photos_and_videos/Zdjeciawtle_IZGKZ-PhDg/1498936_617689651627988_757105804_o_617689651627988.jpg",
      "creation_timestamp": 1386713329,
      "media_metadata": {
        "photo_metadata": {
          "upload_ip": "193.242.147.161"
        }
      },
      "title": "Zdj\u00c4\u0099cia w tle"
    },
    {
      "uri": "photos_and_videos/Zdjeciawtle_IZGKZ-PhDg/886510_622378517825768_583934891_o_622378517825768.jpg",
      "creation_timestamp": 1387574828,
      "media_metadata": {
        "photo_metadata": {
          "upload_ip": "193.242.147.161"
        }
      },
      "comments": [
        {
          "timestamp": 1387574866,
          "comment": "~20 Mya",
          "author": "Timeline Of The Planet Earth - Kalendarz Dziej\u00c3\u00b3w Planety Ziemia"
        },
        {
          "timestamp": 1387575210,
          "comment": "http://en.wikipedia.org/wiki/Early_Miocene",
          "author": "Timeline Of The Planet Earth - Kalendarz Dziej\u00c3\u00b3w Planety Ziemia"
        }
      ],
      "title": "Zdj\u00c4\u0099cia w tle"
    },
    {
      "uri": "photos_and_videos/Zdjeciawtle_IZGKZ-PhDg/902963_626983524031934_656518330_o_626983524031934.jpg",
      "creation_timestamp": 1388405807,
      "media_metadata": {
        "photo_metadata": {
          "upload_ip": "78.131.235.82"
        }
      },
      "comments": [
        {
          "timestamp": 1388405856,
          "comment": "~2 Mya",
          "author": "Timeline Of The Planet Earth - Kalendarz Dziej\u00c3\u00b3w Planety Ziemia"
        }
      ],
      "title": "Zdj\u00c4\u0099cia w tle"
    },
    {
      "uri": "photos_and_videos/Zdjeciawtle_IZGKZ-PhDg/823505_628201767243443_2002906595_o_628201767243443.jpg",
      "creation_timestamp": 1388593654,
      "media_metadata": {
        "photo_metadata": {
          "upload_ip": "193.242.147.161"
        }
      },
      "title": "Zdj\u00c4\u0099cia w tle"
    },
    {
      "uri": "photos_and_videos/Zdjeciawtle_IZGKZ-PhDg/644002_631049100292043_1859728828_n_631049100292043.jpg",
      "creation_timestamp": 1389043932,
      "media_metadata": {
        "photo_metadata": {
          "upload_ip": "193.242.147.161"
        }
      },
      "comments": [
        {
          "timestamp": 1389044416,
          "comment": "http://www.futuretimeline.net/images/future-continents-earth.jpg",
          "author": "Timeline Of The Planet Earth - Kalendarz Dziej\u00c3\u00b3w Planety Ziemia"
        },
        {
          "timestamp": 1389044443,
          "comment": "",
          "author": "Timeline Of The Planet Earth - Kalendarz Dziej\u00c3\u00b3w Planety Ziemia"
        },
        {
          "timestamp": 1389377613,
          "comment": "http://joemonster.org/art/20927",
          "author": "Timeline Of The Planet Earth - Kalendarz Dziej\u00c3\u00b3w Planety Ziemia"
        }
      ],
      "title": "Zdj\u00c4\u0099cia w tle"
    },
    {
      "uri": "photos_and_videos/Zdjeciawtle_IZGKZ-PhDg/1613929_671183476278605_1616942875_n_671183476278605.jpg",
      "creation_timestamp": 1396044824,
      "media_metadata": {
        "photo_metadata": {
          "upload_ip": "108.226.57.82"
        }
      },
      "title": "Zdj\u00c4\u0099cia w tle"
    },
    {
      "uri": "photos_and_videos/Zdjeciawtle_IZGKZ-PhDg/10155449_677188969011389_5361665174163722013_n_677188969011389.jpg",
      "creation_timestamp": 1397157170,
      "media_metadata": {
        "photo_metadata": {
          "upload_ip": "131.91.4.37"
        }
      },
      "title": "Zdj\u00c4\u0099cia w tle"
    },
    {
      "uri": "photos_and_videos/Zdjeciawtle_IZGKZ-PhDg/12471430_1022750224455260_2952664874454826899_o_1022750224455260.jpg",
      "creation_timestamp": 1453047421,
      "media_metadata": {
        "photo_metadata": {
          "upload_ip": "193.242.147.161"
        }
      },
      "comments": [
        {
          "timestamp": 1453063170,
          "comment": "~ + 5Gy - Rozd\u00c4\u0099te S\u00c5\u0082o\u00c5\u0084ce si\u00c4\u0099gnie orbity Ziemii, i je\u00c5\u009bli jacy\u00c5\u009b nasi potomkowie wcze\u00c5\u009bniej jej gdzie\u00c5\u009b nie przesun\u00c4\u0085 to planeta fizycznie przestanie istnie\u00c4\u0087.",
          "author": "Timeline Of The Planet Earth - Kalendarz Dziej\u00c3\u00b3w Planety Ziemia"
        },
        {
          "timestamp": 1555818544,
          "comment": "https://swiatoze.pl/wroclaw-elektrownia-sloneczna-na-dachach-blokow-bije-rekordy/?fbclid=IwAR3gySI8QLKzKaflUyqOe7pAAhveEZbYtEJcPry5wFmRRnbZt0Uj3FGwpbw",
          "author": "Beata Wysocki"
        }
      ],
      "title": "Zdj\u00c4\u0099cia w tle",
      "description": "Ca\u00c5\u0082kowity i ostateczny koniec \u00c5\u009bwiata - Ziemia poch\u00c5\u0082aniana przez S\u00c5\u0082o\u00c5\u0084ce"
    }
  ],
  "cover_photo": {
    "uri": "photos_and_videos/Zdjeciawtle_IZGKZ-PhDg/963877_566109606785993_1273447819_o_566109606785993.jpg",
    "creation_timestamp": 1377643213,
    "media_metadata": {
      "photo_metadata": {
        "upload_ip": "94.254.208.133"
      }
    },
    "comments": [
      {
        "timestamp": 1377643265,
        "comment": "~240Mya",
        "author": "Timeline Of The Planet Earth - Kalendarz Dziej\u00c3\u00b3w Planety Ziemia"
      },
      {
        "timestamp": 1377903642,
        "comment": "Midden in de Trias periode; de Muschelkalk transgressie",
        "author": "Onno Werver"
      }
    ],
    "title": "Zdj\u00c4\u0099cia w tle"
  },
  "last_modified_timestamp": 1453047422,
  "comments": [
    
  ],
  "description": ""
}