{
  "name": "Dziwy z licznikami strony",
  "photos": [
    {
      "uri": "photos_and_videos/Dziwyzlicznikamistrony_NtFa-4j0Zw/1531926_635369459860007_1279196695_o_635369459860007.png",
      "creation_timestamp": 1389806787,
      "media_metadata": {
        "photo_metadata": {
          "upload_ip": "193.242.147.161"
        }
      },
      "title": "Dziwy z licznikami strony",
      "description": "11 stycznia 2014 19:17"
    },
    {
      "uri": "photos_and_videos/Dziwyzlicznikamistrony_NtFa-4j0Zw/1548063_635369749859978_736463251_o_635369749859978.png",
      "creation_timestamp": 1389806833,
      "media_metadata": {
        "photo_metadata": {
          "upload_ip": "193.242.147.161"
        }
      },
      "title": "Dziwy z licznikami strony",
      "description": "12 stycznia 2014 14:19"
    },
    {
      "uri": "photos_and_videos/Dziwyzlicznikamistrony_NtFa-4j0Zw/1483520_635370039859949_510264912_o_635370039859949.png",
      "creation_timestamp": 1389806886,
      "media_metadata": {
        "photo_metadata": {
          "upload_ip": "193.242.147.161"
        }
      },
      "title": "Dziwy z licznikami strony",
      "description": "12 stycznia 2014 19:02"
    },
    {
      "uri": "photos_and_videos/Dziwyzlicznikamistrony_NtFa-4j0Zw/1487687_635370666526553_433934215_o_635370666526553.png",
      "creation_timestamp": 1389807011,
      "media_metadata": {
        "photo_metadata": {
          "upload_ip": "193.242.147.161"
        }
      },
      "title": "Dziwy z licznikami strony",
      "description": "13 stycznia 2014 20:55"
    },
    {
      "uri": "photos_and_videos/Dziwyzlicznikamistrony_NtFa-4j0Zw/1523933_635370963193190_1437231893_o_635370963193190.png",
      "creation_timestamp": 1389807063,
      "media_metadata": {
        "photo_metadata": {
          "upload_ip": "193.242.147.161"
        }
      },
      "title": "Dziwy z licznikami strony",
      "description": "14 stycznia 2014 13:39"
    },
    {
      "uri": "photos_and_videos/Dziwyzlicznikamistrony_NtFa-4j0Zw/1556378_635371146526505_1488693425_o_635371146526505.png",
      "creation_timestamp": 1389807109,
      "media_metadata": {
        "photo_metadata": {
          "upload_ip": "193.242.147.161"
        }
      },
      "title": "Dziwy z licznikami strony",
      "description": "15 stycznia 2014 18:07"
    }
  ],
  "cover_photo": {
    "uri": "photos_and_videos/Dziwyzlicznikamistrony_NtFa-4j0Zw/1531926_635369459860007_1279196695_o_635369459860007.png",
    "creation_timestamp": 1389806787,
    "media_metadata": {
      "photo_metadata": {
        "upload_ip": "193.242.147.161"
      }
    },
    "title": "Dziwy z licznikami strony",
    "description": "11 stycznia 2014 19:17"
  },
  "last_modified_timestamp": 1389809281,
  "comments": [
    {
      "timestamp": 1389905354,
      "comment": "niestety, podobne, enigmatyczne zjawisko da si\u00c4\u0099 obserwowa\u00c4\u0087 wsz\u00c4\u0099dzie. z do\u00c5\u009bwiadczenia jednak wiem, \u00c5\u00bce po ok. dobie liczniki wracaj\u00c4\u0085 do normy.",
      "author": "Dinozaury.com"
    },
    {
      "timestamp": 1389910003,
      "comment": "A tu nie wracaj\u00c4\u0085. Rano by\u00c5\u0082o OK a teraz znowu jest 3 zamiast 70!",
      "author": "Wojciech T. Borkowski"
    },
    {
      "timestamp": 1390232971,
      "comment": "i dzi\u00c5\u009b znowu",
      "author": "Timeline Of The Planet Earth - Kalendarz Dziej\u00c3\u00b3w Planety Ziemia"
    }
  ],
  "description": "Podobne rzeczy dziej\u00c4\u0085 si\u00c4\u0099 z licznikami od grudnia, ale \u00c5\u00bce by\u00c5\u0082 du\u00c5\u00bcy ruch na stronie to trudno by\u00c5\u0082o \"z\u00c5\u0082apa\u00c4\u0087 FB za r\u00c4\u0099k\u00c4\u0099\". Ale teraz to ju\u00c5\u00bc jest ewidentne!"
}