{
  "name": "END OF TRIASSIC",
  "photos": [
    {
      "uri": "photos_and_videos/ENDOFTRIASSIC_421CH9TVyA/1231612_578376428892644_1857112385_n_578376428892644.jpg",
      "creation_timestamp": 1379914348,
      "media_metadata": {
        "photo_metadata": {
          "upload_ip": "193.242.147.161"
        }
      },
      "title": "END OF TRIASSIC"
    },
    {
      "uri": "photos_and_videos/ENDOFTRIASSIC_421CH9TVyA/1275823_578376442225976_2115307269_o_578376442225976.jpg",
      "creation_timestamp": 1379914351,
      "media_metadata": {
        "photo_metadata": {
          "upload_ip": "193.242.147.161"
        }
      },
      "title": "END OF TRIASSIC",
      "description": "http://thedragonstales.blogspot.com/2012/08/triassic-jurassic-boundary-extinction.html"
    },
    {
      "uri": "photos_and_videos/ENDOFTRIASSIC_421CH9TVyA/1238929_578376448892642_1841098799_n_578376448892642.jpg",
      "creation_timestamp": 1379914352,
      "media_metadata": {
        "photo_metadata": {
          "upload_ip": "193.242.147.161"
        }
      },
      "title": "END OF TRIASSIC",
      "description": "http://matbrown.org/temp/"
    },
    {
      "uri": "photos_and_videos/ENDOFTRIASSIC_421CH9TVyA/541398_578378148892472_747656096_n_578378148892472.jpg",
      "creation_timestamp": 1379914905,
      "media_metadata": {
        "photo_metadata": {
          "upload_ip": "193.242.147.161"
        }
      },
      "title": "END OF TRIASSIC",
      "description": "WALTER MYERS/SCIENCE PHOTO LIBRARY"
    },
    {
      "uri": "photos_and_videos/ENDOFTRIASSIC_421CH9TVyA/1011944_578378152225805_1595726089_n_578378152225805.jpg",
      "creation_timestamp": 1379914906,
      "media_metadata": {
        "photo_metadata": {
          "upload_ip": "193.242.147.161"
        }
      },
      "title": "END OF TRIASSIC",
      "description": "CREDIT: LUDEK PESEK/SCIENCE PHOTO LIBRARY"
    },
    {
      "uri": "photos_and_videos/ENDOFTRIASSIC_421CH9TVyA/1010964_578379635558990_1656632274_n_578379635558990.jpg",
      "creation_timestamp": 1379915484,
      "media_metadata": {
        "photo_metadata": {
          "upload_ip": "193.242.147.161"
        }
      },
      "title": "END OF TRIASSIC"
    },
    {
      "uri": "photos_and_videos/ENDOFTRIASSIC_421CH9TVyA/1229969_578379715558982_203149561_n_578379715558982.jpg",
      "creation_timestamp": 1379915508,
      "media_metadata": {
        "photo_metadata": {
          "upload_ip": "193.242.147.161"
        }
      },
      "title": "END OF TRIASSIC"
    }
  ],
  "cover_photo": {
    "uri": "photos_and_videos/ENDOFTRIASSIC_421CH9TVyA/1231612_578376428892644_1857112385_n_578376428892644.jpg",
    "creation_timestamp": 1379914348,
    "media_metadata": {
      "photo_metadata": {
        "upload_ip": "193.242.147.161"
      }
    },
    "title": "END OF TRIASSIC"
  },
  "last_modified_timestamp": 1379915849,
  "comments": [
    {
      "timestamp": 1379914840,
      "comment": "Triassic-Jurassic mass extinction\n\nDuring the final 18 million years of the Triassic period, there were two or three phases of extinction whose combined effects created the Triassic-Jurassic mass extinction event. Climate change, flood basalt eruptions and an asteroid impact have all been blamed for this loss of life. Many types of animal died out, including lots of marine reptiles, some large amphibians, many reef-building creatures and large numbers of cephalopod molluscs. Roughly half of all the species alive at the time became extinct. Strangely, plants were not so badly affected.\n(http://www.bbc.co.uk/nature/extinction_events/Triassic%E2%80%93Jurassic_extinction_event)",
      "author": "Timeline Of The Planet Earth - Kalendarz Dziej\u00c3\u00b3w Planety Ziemia"
    }
  ],
  "description": "200+-1Ma"
}