{
  "name": "Europa i \u00c5\u009bwiat w 2100 roku",
  "photos": [
    {
      "uri": "photos_and_videos/Europaiswiatw2100roku_Js2Vy0KXkQ/13411672_1115204008543214_667619455931845863_o_1115204008543214.jpg",
      "creation_timestamp": 1465542351,
      "media_metadata": {
        "photo_metadata": {
          "upload_ip": "193.242.147.161"
        }
      },
      "title": "Europa i \u00c5\u009bwiat w 2100 roku",
      "description": "Holandia"
    },
    {
      "uri": "photos_and_videos/Europaiswiatw2100roku_Js2Vy0KXkQ/13427972_1115204655209816_5937770236578106488_n_1115204655209816.jpg",
      "creation_timestamp": 1465542486,
      "media_metadata": {
        "photo_metadata": {
          "upload_ip": "193.242.147.161"
        }
      },
      "title": "Europa i \u00c5\u009bwiat w 2100 roku",
      "description": "Wenecja"
    },
    {
      "uri": "https://interncache-atn.fbcdn.net/v/t1.0-9/13269266_1115204661876482_4221356735053137100_n.jpg?_nc_ad=z-m&_nc_cid=0&_nc_zor=9&_nc_ht=interncache-atn&oh=0f799d9a19363d46a09d42e6d48f11b0&oe=5E30EE78",
      "creation_timestamp": 1465542486,
      "media_metadata": {
        "photo_metadata": {
          "upload_ip": "193.242.147.161"
        }
      },
      "title": "Europa i \u00c5\u009bwiat w 2100 roku",
      "description": "Floryda"
    },
    {
      "uri": "photos_and_videos/Europaiswiatw2100roku_Js2Vy0KXkQ/13434955_1115204675209814_1437918279425932628_n_1115204675209814.jpg",
      "creation_timestamp": 1465542487,
      "media_metadata": {
        "photo_metadata": {
          "upload_ip": "193.242.147.161"
        }
      },
      "title": "Europa i \u00c5\u009bwiat w 2100 roku",
      "description": "Niemcy"
    },
    {
      "uri": "photos_and_videos/Europaiswiatw2100roku_Js2Vy0KXkQ/13423733_1115204685209813_8236593188983313529_n_1115204685209813.jpg",
      "creation_timestamp": 1465542488,
      "media_metadata": {
        "photo_metadata": {
          "upload_ip": "193.242.147.161"
        }
      },
      "title": "Europa i \u00c5\u009bwiat w 2100 roku",
      "description": "San Francisco"
    },
    {
      "uri": "photos_and_videos/Europaiswiatw2100roku_Js2Vy0KXkQ/13422473_1115204698543145_7053528241427557374_o_1115204698543145.jpg",
      "creation_timestamp": 1465542489,
      "media_metadata": {
        "photo_metadata": {
          "upload_ip": "193.242.147.161"
        }
      },
      "title": "Europa i \u00c5\u009bwiat w 2100 roku",
      "description": "Nowy Jork"
    },
    {
      "uri": "photos_and_videos/Europaiswiatw2100roku_Js2Vy0KXkQ/13412223_1115204708543144_1870006323292663746_o_1115204708543144.jpg",
      "creation_timestamp": 1465542490,
      "media_metadata": {
        "photo_metadata": {
          "upload_ip": "193.242.147.161"
        }
      },
      "title": "Europa i \u00c5\u009bwiat w 2100 roku",
      "description": "Szczecin"
    },
    {
      "uri": "photos_and_videos/Europaiswiatw2100roku_Js2Vy0KXkQ/13423912_1115204711876477_7647105727895023127_n_1115204711876477.jpg",
      "creation_timestamp": 1465542491,
      "media_metadata": {
        "photo_metadata": {
          "upload_ip": "193.242.147.161"
        }
      },
      "title": "Europa i \u00c5\u009bwiat w 2100 roku",
      "description": "D\u00c4\u0099bki i Karwia"
    },
    {
      "uri": "photos_and_videos/Europaiswiatw2100roku_Js2Vy0KXkQ/13403853_1115204728543142_9120445383401079500_o_1115204728543142.jpg",
      "creation_timestamp": 1465542491,
      "media_metadata": {
        "photo_metadata": {
          "upload_ip": "193.242.147.161"
        }
      },
      "title": "Europa i \u00c5\u009bwiat w 2100 roku",
      "description": "Ko\u00c5\u0082obrzeg"
    },
    {
      "uri": "photos_and_videos/Europaiswiatw2100roku_Js2Vy0KXkQ/13391501_1115204745209807_2187415498559269209_o_1115204745209807.jpg",
      "creation_timestamp": 1465542493,
      "media_metadata": {
        "photo_metadata": {
          "upload_ip": "193.242.147.161"
        }
      },
      "title": "Europa i \u00c5\u009bwiat w 2100 roku",
      "description": "\u00c5\u00bbu\u00c5\u0082awy"
    },
    {
      "uri": "photos_and_videos/Europaiswiatw2100roku_Js2Vy0KXkQ/13435490_1115204758543139_9167969650188698772_n_1115204758543139.jpg",
      "creation_timestamp": 1465542494,
      "media_metadata": {
        "photo_metadata": {
          "upload_ip": "193.242.147.161"
        }
      },
      "title": "Europa i \u00c5\u009bwiat w 2100 roku",
      "description": "Polskie wybrzerze Ba\u00c5\u0082tyku"
    }
  ],
  "cover_photo": {
    "uri": "photos_and_videos/Europaiswiatw2100roku_Js2Vy0KXkQ/13427972_1115204655209816_5937770236578106488_n_1115204655209816.jpg",
    "creation_timestamp": 1465542486,
    "media_metadata": {
      "photo_metadata": {
        "upload_ip": "193.242.147.161"
      }
    },
    "title": "Europa i \u00c5\u009bwiat w 2100 roku",
    "description": "Wenecja"
  },
  "last_modified_timestamp": 1465542680,
  "comments": [
    
  ],
  "description": "http://wiadomosci.gazeta.pl/wiadomosci/56,114885,20195452,zatopiona-europa,,6.html"
}