{
  "name": "Ewolucja tr\u00c4\u0085bowc\u00c3\u00b3w",
  "photos": [
    {
      "uri": "photos_and_videos/Ewolucjatrabowcow_5BDWuCsVEw/1522340_626673150729638_1070280945_n_626673150729638.jpg",
      "creation_timestamp": 1388351509,
      "media_metadata": {
        "photo_metadata": {
          "upload_ip": "78.131.235.82"
        }
      },
      "title": "Ewolucja tr\u00c4\u0085bowc\u00c3\u00b3w"
    },
    {
      "uri": "photos_and_videos/Ewolucjatrabowcow_5BDWuCsVEw/1501192_626673160729637_980805417_o_626673160729637.jpg",
      "creation_timestamp": 1388351512,
      "media_metadata": {
        "photo_metadata": {
          "upload_ip": "78.131.235.82"
        }
      },
      "title": "Ewolucja tr\u00c4\u0085bowc\u00c3\u00b3w"
    },
    {
      "uri": "photos_and_videos/Ewolucjatrabowcow_5BDWuCsVEw/1527099_626673174062969_497993774_n_626673174062969.jpg",
      "creation_timestamp": 1388351514,
      "media_metadata": {
        "photo_metadata": {
          "upload_ip": "78.131.235.82"
        }
      },
      "comments": [
        {
          "timestamp": 1393793776,
          "comment": "Ciekawe , \u00c5\u00bce z tylu r\u00c3\u00b3\u00c5\u00bcnych tylko 2 gat. do dzisiaj prze\u00c5\u00bcy\u00c5\u0082y :)",
          "author": "Daniel Roguski"
        },
        {
          "timestamp": 1393799588,
          "comment": "Mo\u00c5\u00bce zna\u00c5\u0082y ludzi d\u00c5\u0082u\u00c5\u00bcej ni\u00c5\u00bc pozosta\u00c5\u0082e?",
          "author": "Wojciech T. Borkowski"
        },
        {
          "timestamp": 1553335420,
          "comment": "Daniel Roguski - Homo sapiens ma tu swoje niew\u00c4\u0085tpliwie \"zas\u00c5\u0082ugi\" :-/",
          "author": "Wojciech T. Borkowski"
        }
      ],
      "title": "Ewolucja tr\u00c4\u0085bowc\u00c3\u00b3w"
    },
    {
      "uri": "photos_and_videos/Ewolucjatrabowcow_5BDWuCsVEw/995006_626673194062967_665587222_n_626673194062967.jpg",
      "creation_timestamp": 1388351516,
      "media_metadata": {
        "photo_metadata": {
          "upload_ip": "78.131.235.82"
        }
      },
      "title": "Ewolucja tr\u00c4\u0085bowc\u00c3\u00b3w"
    },
    {
      "uri": "photos_and_videos/Ewolucjatrabowcow_5BDWuCsVEw/1486714_626673270729626_1179844381_n_626673270729626.png",
      "creation_timestamp": 1388351523,
      "media_metadata": {
        "photo_metadata": {
          "upload_ip": "78.131.235.82"
        }
      },
      "title": "Ewolucja tr\u00c4\u0085bowc\u00c3\u00b3w"
    },
    {
      "uri": "photos_and_videos/Ewolucjatrabowcow_5BDWuCsVEw/1011569_626673284062958_46015142_n_626673284062958.jpg",
      "creation_timestamp": 1388351524,
      "media_metadata": {
        "photo_metadata": {
          "upload_ip": "78.131.235.82"
        }
      },
      "title": "Ewolucja tr\u00c4\u0085bowc\u00c3\u00b3w"
    },
    {
      "uri": "photos_and_videos/Ewolucjatrabowcow_5BDWuCsVEw/1546326_626673320729621_1234359986_n_626673320729621.jpg",
      "creation_timestamp": 1388351531,
      "media_metadata": {
        "photo_metadata": {
          "upload_ip": "78.131.235.82"
        }
      },
      "title": "Ewolucja tr\u00c4\u0085bowc\u00c3\u00b3w"
    }
  ],
  "cover_photo": {
    "uri": "photos_and_videos/Ewolucjatrabowcow_5BDWuCsVEw/1527099_626673174062969_497993774_n_626673174062969.jpg",
    "creation_timestamp": 1388351514,
    "media_metadata": {
      "photo_metadata": {
        "upload_ip": "78.131.235.82"
      }
    },
    "comments": [
      {
        "timestamp": 1393793776,
        "comment": "Ciekawe , \u00c5\u00bce z tylu r\u00c3\u00b3\u00c5\u00bcnych tylko 2 gat. do dzisiaj prze\u00c5\u00bcy\u00c5\u0082y :)",
        "author": "Daniel Roguski"
      },
      {
        "timestamp": 1393799588,
        "comment": "Mo\u00c5\u00bce zna\u00c5\u0082y ludzi d\u00c5\u0082u\u00c5\u00bcej ni\u00c5\u00bc pozosta\u00c5\u0082e?",
        "author": "Wojciech T. Borkowski"
      },
      {
        "timestamp": 1553335420,
        "comment": "Daniel Roguski - Homo sapiens ma tu swoje niew\u00c4\u0085tpliwie \"zas\u00c5\u0082ugi\" :-/",
        "author": "Wojciech T. Borkowski"
      }
    ],
    "title": "Ewolucja tr\u00c4\u0085bowc\u00c3\u00b3w"
  },
  "last_modified_timestamp": 1388351707,
  "comments": [
    {
      "timestamp": 1388431578,
      "comment": "Super!",
      "author": "Aleksandra Ma\u00c5\u0082gorzata Koz\u00c5\u0082owska"
    }
  ],
  "description": "Tr\u00c4\u0085bowce s\u00c4\u0085 jednymi z najwi\u00c4\u0099kszych \"dominator\u00c3\u00b3w\" g\u00c3\u00b3rnego kenozoiku i chyba te\u00c5\u00bc najwi\u00c4\u0099kszymi przegranymi pocz\u00c4\u0085tku holocenu."
}