{
  "name": "Glossopteris",
  "photos": [
    {
      "uri": "photos_and_videos/Glossopteris_CxuEV-kTDQ/282840_557209841009303_1545354420_n_557209841009303.jpg",
      "creation_timestamp": 1375892920,
      "media_metadata": {
        "photo_metadata": {
          "upload_ip": "78.131.235.82"
        }
      },
      "title": "Glossopteris"
    },
    {
      "uri": "photos_and_videos/Glossopteris_CxuEV-kTDQ/995156_557209857675968_447244949_n_557209857675968.jpg",
      "creation_timestamp": 1375892921,
      "media_metadata": {
        "photo_metadata": {
          "upload_ip": "78.131.235.82"
        }
      },
      "title": "Glossopteris"
    },
    {
      "uri": "photos_and_videos/Glossopteris_CxuEV-kTDQ/999156_557209884342632_243619098_n_557209884342632.jpg",
      "creation_timestamp": 1375892922,
      "media_metadata": {
        "photo_metadata": {
          "upload_ip": "78.131.235.82"
        }
      },
      "title": "Glossopteris"
    },
    {
      "uri": "photos_and_videos/Glossopteris_CxuEV-kTDQ/1085088_557209904342630_185455331_o_557209904342630.jpg",
      "creation_timestamp": 1375892926,
      "media_metadata": {
        "photo_metadata": {
          "upload_ip": "78.131.235.82"
        }
      },
      "title": "Glossopteris"
    },
    {
      "uri": "photos_and_videos/Glossopteris_CxuEV-kTDQ/1098460_557209924342628_1826919983_n_557209924342628.jpg",
      "creation_timestamp": 1375892929,
      "media_metadata": {
        "photo_metadata": {
          "upload_ip": "78.131.235.82"
        }
      },
      "title": "Glossopteris"
    },
    {
      "uri": "photos_and_videos/Glossopteris_CxuEV-kTDQ/1001109_557209941009293_283081833_n_557209941009293.jpg",
      "creation_timestamp": 1375892931,
      "media_metadata": {
        "photo_metadata": {
          "upload_ip": "78.131.235.82"
        }
      },
      "title": "Glossopteris"
    }
  ],
  "cover_photo": {
    "uri": "photos_and_videos/Glossopteris_CxuEV-kTDQ/999156_557209884342632_243619098_n_557209884342632.jpg",
    "creation_timestamp": 1375892922,
    "media_metadata": {
      "photo_metadata": {
        "upload_ip": "78.131.235.82"
      }
    },
    "title": "Glossopteris"
  },
  "last_modified_timestamp": 1375892978,
  "comments": [
    {
      "timestamp": 1375994148,
      "comment": "http://en.wikipedia.org/wiki/Glossopteris",
      "author": "Timeline Of The Planet Earth - Kalendarz Dziej\u00c3\u00b3w Planety Ziemia"
    }
  ],
  "description": "https://www.google.pl/search?q=Glossopteris&client=firefox-a&hs=ymS&rls=org.mozilla:pl:official&source=lnms&tbm=isch&sa=X&ei=3XUCUt23HMidtAbt3IGwBQ&ved=0CAkQ_AUoAQ&biw=1084&bih=858"
}